,Name,Price,Seller,Amount Sold,Seller's town,Rating
0,Geli Food Seblak Ceker Tanpa Tulang Super Pedas 180gr,Rp22.500,Lidigeli,29 terjual,Kab. Garut,5.0
1,Kylafood Seblak Cup,Rp11.000,Kylafood Jakarta,100+ terjual,Jakarta Selatan,4.9
2,"Seblak Rafael, Seblak Coet Instan Halal",Rp25.000,Brother Meat Shop,40+ terjual,Depok,5.0
3,KERUPUK KRUPUK SEBLAK PEDAS 250 GR,Rp17.248,TOKO KUE MEISYA,100+ terjual,Jakarta Pusat,4.9
4,KRUPUK STIK RASA UDANG CAP PADI KAPAS KHAS INDRAMAYU BISA BUAT SEBLAK,Rp19.050,dariimyu,100+ terjual,Kab. Indramayu,5.0
5,Seblak Instan Pedas Home Made,Rp3.500,the Dhecip,2rb+ terjual,Tangerang Selatan,4.8
6,Seblak RAFAEL | Seblak MAMANG RAFAEL | Seblak Viral,Rp40.000,Naturally Plus Jakarta,100+ terjual,Kab. Tangerang,5.0
7,seblak frozen,Rp10.400,pelangi girls naget,2rb+ terjual,Jakarta Timur,4.9
8,Kylafood Seblak Rempah Autentik 115 gram,Rp10.700,,100+ terjual,,5.0
9,Kylafood Seblak Cup 110 gram,Rp12.100,,60+ terjual,,5.0
10,Seblak Instan Pedas Home Made,Rp3.500,the Dhecip,2rb+ terjual,Tangerang Selatan,4.8
11,Seblak Instan Ceu Nthien Khas Bandung Rasana Ngeunah Pisan,Rp15.000,Central Seblak Nusantara,2rb+ terjual,Tangerang Selatan,4.9
12,seblak instant sajodo snak,Rp19.000,hikmah berkah jaya,750+ terjual,Jakarta Barat,4.8
13,Gelifood Seblak Instan Kerupuk Mawar Bumbu Kencur Rafael Pedas Gurih,Rp13.000,Lidigeli,100+ terjual,Kab. Garut,4.9
14,seblak instan jeletot jajanan hits bandung 1 porsi,Rp4.180,tokomakanankalimantan,1rb+ terjual,Jakarta Barat,4.8
15,"seblak kering pedas 250 gr/seblak kencur/kerupuk seblak,enak dan gurih",Rp9.999,aghniya,250+ terjual,Tangerang Selatan,4.8
16,KERUPUK SEBLAK PEDAS / KRUPUK SEBLAK KERING DAUN JERUK PEDES,Rp25.000,LEGIT SNACK,24 terjual,Jakarta Barat,5.0
17,Kerupuk Seblak / Seblak / Kering Pedas /,Rp9.800,Anggris store,40+ terjual,Kab. Bogor,4.8
18,"siomay kering bandung 500 gr. untuk baso aci, seblak ,mie ayam dll",Rp14.999,aghniya,750+ terjual,Tangerang Selatan,4.9
19,"BATAGOR MINI KERING 100 PCS TOPING BASO ACI, SEBLAK DAN MIE INSTAN",Rp8.000,global cookware1,500+ terjual,Jakarta Barat,4.9
20,Seblak RAFAEL | Seblak MAMANG RAFAEL | Seblak Viral,Rp40.000,Naturally Plus Jakarta,100+ terjual,Kab. Tangerang,5.0
21,Kerupuk SEBLAK MAWAR Rafael - Cikruh Daun Jeruk,Rp20.000,KRIUK JAYA,26 terjual,Jakarta Barat,4.9
22,Krupuk seblak mawar rafael pedas 500gr,Rp20.000,Markas Makaroni,100+ terjual,Kab. Bekasi,4.9
23,Gelifood Seblak Instan Kerupuk Mawar Bumbu Kencur Rafael Pedas Gurih,Rp13.000,Lidigeli,100+ terjual,Kab. Garut,4.9
24,Krupuk seblak mawar rafael pedas 250gram,Rp12.500,Markas Makaroni,100+ terjual,Kab. Bekasi,4.7
25,Seblak Instan Pedas Home Made,Rp3.500,the Dhecip,2rb+ terjual,Tangerang Selatan,4.8
26,Seblak Instan Ceu Nthien Khas Bandung Rasana Ngeunah Pisan,Rp15.000,Central Seblak Nusantara,2rb+ terjual,Tangerang Selatan,4.9
27,seblak instant sajodo snak,Rp19.000,hikmah berkah jaya,750+ terjual,Jakarta Barat,4.8
28,Gelifood Seblak Instan Kerupuk Mawar Bumbu Kencur Rafael Pedas Gurih,Rp13.000,Lidigeli,100+ terjual,Kab. Garut,4.9
29,PROMO !!!! Seblak Instan Beli 20 free 1 Murah Enak,Rp4.550,ivy's-kitchen,500+ terjual,Kab. Tangerang,4.7
30,Gelifood Seblak Instan Kerupuk Mawar Bumbu Kencur Rafael Pedas Gurih,Rp13.000,Lidigeli,100+ terjual,Kab. Garut,4.9
31,Seblak Instan Pedas Home Made,Rp3.500,the Dhecip,2rb+ terjual,Tangerang Selatan,4.8
32,Seblak Instan Komplit Pedas Gurih Nikmat,Rp5.999,Baso Aci Ayang,2rb+ terjual,Kab. Garut,4.9
33,"seblak kering pedas 250 gr/seblak kencur/kerupuk seblak,enak dan gurih",Rp9.999,aghniya,250+ terjual,Tangerang Selatan,4.8
34,"seblak ceker 250 gr pedas daun jeruk, gurih,cemilan bikin nagih",Rp9.999,aghniya,60+ terjual,Tangerang Selatan,4.8
35,Kerupuk seblak pedas 500 Grm / kerupuk seblak pedas kencur,Rp22.500,adistri snack,,Kab.Ciamis,
36,kerupuk seblak 1kg - 1 kg,Rp42.000,zyvasnack,1 terjual,Kab. Purworejo,
37,kerupuk seblak pedas 1/2 kg / kerupuk seblak ½ - Pedas,Rp20.482,Adila_Putri_Snack,100+ terjual,Kab.Ciamis,4.8
38,Seblak Merah Pedas / Kerupuk Bawang Oleh Oleh Bandung Odjolali,Rp9.000,The Little Snacks,500+ terjual,Tangerang Selatan,4.9
39,seblak kencur / okesnack,Rp10.000,oke snack,750+ terjual,Jakarta Selatan,4.9
40,Seblak Komplit⠀⠀,Rp5.500,lisdhacollection,2rb+ terjual,Kab. Garut,4.8
41,Bakso Aci Seblak Mie instant baso kekinian halal murah enak,Rp6.999,Maya Light Electro,30+ terjual,Tangerang,4.6
42,Kerupuk Seblak Jeruk,Rp14.000,oke snack,250+ terjual,Jakarta Selatan,4.9
43,BUMBU KUAH KOMPLIT EXRA REMPAH BASO ACI/SEBLAK/BOCI MURAH,Rp1.999,ArfaOnlineShop,100+ terjual,Tangerang,4.6
44,11 BUNGKUS SEBLAK MAMANG PAKET RESELLER,Rp42.000,global cookware1,25 terjual,Jakarta Barat,5.0
45,Seblak Instan Pedas Home Made,Rp3.500,the Dhecip,2rb+ terjual,Tangerang Selatan,4.8
46,Seblak Instan Ceu Nthien Khas Bandung Rasana Ngeunah Pisan,Rp15.000,Central Seblak Nusantara,2rb+ terjual,Tangerang Selatan,4.9
47,seblak instant sajodo snak,Rp19.000,hikmah berkah jaya,750+ terjual,Jakarta Barat,4.8
48,Gelifood Seblak Instan Kerupuk Mawar Bumbu Kencur Rafael Pedas Gurih,Rp13.000,Lidigeli,100+ terjual,Kab. Garut,4.9
49,seblak instan jeletot jajanan hits bandung 1 porsi,Rp4.180,tokomakanankalimantan,1rb+ terjual,Jakarta Barat,4.8
50,"seblak kering pedas 250 gr/seblak kencur/kerupuk seblak,enak dan gurih",Rp9.999,aghniya,250+ terjual,Tangerang Selatan,4.8
51,KERUPUK SEBLAK PEDAS / KRUPUK SEBLAK KERING DAUN JERUK PEDES,Rp25.000,LEGIT SNACK,24 terjual,Jakarta Barat,5.0
52,Kerupuk Seblak / Seblak / Kering Pedas /,Rp9.800,Anggris store,40+ terjual,Kab. Bogor,4.8
53,"siomay kering bandung 500 gr. untuk baso aci, seblak ,mie ayam dll",Rp14.999,aghniya,750+ terjual,Tangerang Selatan,4.9
54,"BATAGOR MINI KERING 100 PCS TOPING BASO ACI, SEBLAK DAN MIE INSTAN",Rp8.000,global cookware1,500+ terjual,Jakarta Barat,4.9
55,Seblak RAFAEL | Seblak MAMANG RAFAEL | Seblak Viral,Rp40.000,Naturally Plus Jakarta,100+ terjual,Kab. Tangerang,5.0
56,Kerupuk SEBLAK MAWAR Rafael - Cikruh Daun Jeruk,Rp20.000,KRIUK JAYA,26 terjual,Jakarta Barat,4.9
57,Krupuk seblak mawar rafael pedas 500gr,Rp20.000,Markas Makaroni,100+ terjual,Kab. Bekasi,4.9
58,Gelifood Seblak Instan Kerupuk Mawar Bumbu Kencur Rafael Pedas Gurih,Rp13.000,Lidigeli,100+ terjual,Kab. Garut,4.9
59,Krupuk seblak mawar rafael pedas 250gram,Rp12.500,Markas Makaroni,100+ terjual,Kab. Bekasi,4.7
60,Seblak Instan Pedas Home Made,Rp3.500,the Dhecip,2rb+ terjual,Tangerang Selatan,4.8
61,Seblak Instan Ceu Nthien Khas Bandung Rasana Ngeunah Pisan,Rp15.000,Central Seblak Nusantara,2rb+ terjual,Tangerang Selatan,4.9
62,seblak instant sajodo snak,Rp19.000,hikmah berkah jaya,750+ terjual,Jakarta Barat,4.8
63,Gelifood Seblak Instan Kerupuk Mawar Bumbu Kencur Rafael Pedas Gurih,Rp13.000,Lidigeli,100+ terjual,Kab. Garut,4.9
64,PROMO !!!! Seblak Instan Beli 20 free 1 Murah Enak,Rp4.550,ivy's-kitchen,500+ terjual,Kab. Tangerang,4.7
65,Gelifood Seblak Instan Kerupuk Mawar Bumbu Kencur Rafael Pedas Gurih,Rp13.000,Lidigeli,100+ terjual,Kab. Garut,4.9
66,Seblak Instan Pedas Home Made,Rp3.500,the Dhecip,2rb+ terjual,Tangerang Selatan,4.8
67,Seblak Instan Komplit Pedas Gurih Nikmat,Rp5.999,Baso Aci Ayang,2rb+ terjual,Kab. Garut,4.9
68,"seblak kering pedas 250 gr/seblak kencur/kerupuk seblak,enak dan gurih",Rp9.999,aghniya,250+ terjual,Tangerang Selatan,4.8
69,"seblak ceker 250 gr pedas daun jeruk, gurih,cemilan bikin nagih",Rp9.999,aghniya,60+ terjual,Tangerang Selatan,4.8
70,cuanki tahu pasung isi 50 murah batagor kering toping seblak baso aci,Rp12.000,CuankiCulametan,250+ terjual,Kab. Garut,4.9
71,Bakso Aci Instan Murah Asli Bandung Frozen Baso Cilok Kuah Kenyang,Rp5.702,Berkah Food Bandung,10rb+ terjual,Cimahi,4.9
72,siomay mini kering 1kg / gurilem toping seblak baso aci cuanki,Rp25.000,CuankiCulametan,100+ terjual,Kab. Garut,4.9
73,"Seblak Instant ""mBak'Well""",Rp15.000,Welly Mart,100+ terjual,Tangerang Selatan,5.0
74,Cuanki Pangsit kering Segitiga Cipet isi 100 toping seblak baso aci,Rp31.000,CuankiCulametan,40+ terjual,Kab. Garut,4.6
75,"cuanki lidah BARAYA 500 pcs enak, renyah, special seblak, baso aci dll",Rp139.999,aghniya,50+ terjual,Tangerang Selatan,4.8
76,"seblak ceker 500 gr pedas daun jeruk, gurih,cemilan bikin nagih",Rp17.499,aghniya,40+ terjual,Tangerang Selatan,4.9
77,Kylafood Mix Fav Selebgram Seblak Original & Batagor kuah,Rp37.920,kylafood,30+ terjual,Bandung,4.3
78,KERUPUK PEDAS KRIWIL BANTAT ISI 250gr KRITING SEMBRING SEBLAK MAWAR,Rp17.248,AHR Jaya Snack,50+ terjual,Jakarta Timur,5.0
79,SEBLAK BANTAT PEDES DAUN JERUK 250GR,Rp18.000,Madinah Oleh Oleh Bdg,100+ terjual,Bandung,4.9
80,Seblak Instan Pedas Home Made,Rp3.500,the Dhecip,2rb+ terjual,Tangerang Selatan,4.8
81,Seblak Instan Ceu Nthien Khas Bandung Rasana Ngeunah Pisan,Rp15.000,Central Seblak Nusantara,2rb+ terjual,Tangerang Selatan,4.9
82,seblak instant sajodo snak,Rp19.000,hikmah berkah jaya,750+ terjual,Jakarta Barat,4.8
83,Gelifood Seblak Instan Kerupuk Mawar Bumbu Kencur Rafael Pedas Gurih,Rp13.000,Lidigeli,100+ terjual,Kab. Garut,4.9
84,seblak instan jeletot jajanan hits bandung 1 porsi,Rp4.180,tokomakanankalimantan,1rb+ terjual,Jakarta Barat,4.8
85,"seblak kering pedas 250 gr/seblak kencur/kerupuk seblak,enak dan gurih",Rp9.999,aghniya,250+ terjual,Tangerang Selatan,4.8
86,KERUPUK SEBLAK PEDAS / KRUPUK SEBLAK KERING DAUN JERUK PEDES,Rp25.000,LEGIT SNACK,24 terjual,Jakarta Barat,5.0
87,Kerupuk Seblak / Seblak / Kering Pedas /,Rp9.800,Anggris store,40+ terjual,Kab. Bogor,4.8
88,"siomay kering bandung 500 gr. untuk baso aci, seblak ,mie ayam dll",Rp14.999,aghniya,750+ terjual,Tangerang Selatan,4.9
89,"BATAGOR MINI KERING 100 PCS TOPING BASO ACI, SEBLAK DAN MIE INSTAN",Rp8.000,global cookware1,500+ terjual,Jakarta Barat,4.9
90,Seblak RAFAEL | Seblak MAMANG RAFAEL | Seblak Viral,Rp40.000,Naturally Plus Jakarta,100+ terjual,Kab. Tangerang,5.0
91,Kerupuk SEBLAK MAWAR Rafael - Cikruh Daun Jeruk,Rp20.000,KRIUK JAYA,26 terjual,Jakarta Barat,4.9
92,Krupuk seblak mawar rafael pedas 500gr,Rp20.000,Markas Makaroni,100+ terjual,Kab. Bekasi,4.9
93,Gelifood Seblak Instan Kerupuk Mawar Bumbu Kencur Rafael Pedas Gurih,Rp13.000,Lidigeli,100+ terjual,Kab. Garut,4.9
94,Krupuk seblak mawar rafael pedas 250gram,Rp12.500,Markas Makaroni,100+ terjual,Kab. Bekasi,4.7
95,Seblak Instan Pedas Home Made,Rp3.500,the Dhecip,2rb+ terjual,Tangerang Selatan,4.8
96,Seblak Instan Ceu Nthien Khas Bandung Rasana Ngeunah Pisan,Rp15.000,Central Seblak Nusantara,2rb+ terjual,Tangerang Selatan,4.9
97,seblak instant sajodo snak,Rp19.000,hikmah berkah jaya,750+ terjual,Jakarta Barat,4.8
98,Gelifood Seblak Instan Kerupuk Mawar Bumbu Kencur Rafael Pedas Gurih,Rp13.000,Lidigeli,100+ terjual,Kab. Garut,4.9
99,PROMO !!!! Seblak Instan Beli 20 free 1 Murah Enak,Rp4.550,ivy's-kitchen,500+ terjual,Kab. Tangerang,4.7
100,Gelifood Seblak Instan Kerupuk Mawar Bumbu Kencur Rafael Pedas Gurih,Rp13.000,Lidigeli,100+ terjual,Kab. Garut,4.9
101,Seblak Instan Pedas Home Made,Rp3.500,the Dhecip,2rb+ terjual,Tangerang Selatan,4.8
102,Seblak Instan Komplit Pedas Gurih Nikmat,Rp5.999,Baso Aci Ayang,2rb+ terjual,Kab. Garut,4.9
103,"seblak kering pedas 250 gr/seblak kencur/kerupuk seblak,enak dan gurih",Rp9.999,aghniya,250+ terjual,Tangerang Selatan,4.8
104,"seblak ceker 250 gr pedas daun jeruk, gurih,cemilan bikin nagih",Rp9.999,aghniya,60+ terjual,Tangerang Selatan,4.8
105,Keripik Cireng Seblak Bandung,Rp17.100,BarokahJayaSnack,40+ terjual,Bandung,4.7
106,Paket Isi 6 Makaroni Basah Instan | Seblak Basah Instan,Rp93.840,Lakoca Official Shop,14 terjual,Cimahi,4.8
107,Kylafood Seblak Rempah Autentik isi (20 pcs),Rp216.630,kylafood,10 terjual,Bandung,5.0
108,Omiyago Snack Kerupuk Seblak,Rp6.020,omiyago,30+ terjual,Jakarta Barat,4.8
109, Kylafood Seblak karuhun,Rp10.530,kylafood,4rb+ terjual,Bandung,4.8
110,Omiyago Snack Kerupuk Seblak,Rp6.020,omiyago,30+ terjual,Jakarta Barat,4.8
111,Seblak Cobek Seblak Rafael Seblak Ala Rafael_1616 Seblak Sambel Kencur,Rp7.900,NomeL Shop,30+ terjual,Surabaya,5.0
112,BUMBU KUAH CUANKI BASO ACO/BOCI SEBLAK ECERAN,Rp699,ArfaOnlineShop,500+ terjual,Tangerang,4.9
113,Kylafood Mix Pentol Kuah dan Seblak Original,Rp39.500,kylafood,12 terjual,Bandung,5.0
114,MASJAY Combo 3pcs Seblak Bandung Instant Bumbu Pedas Membara,Rp39.000,Lidigeli,20 terjual,Kab. Garut,4.7
115,Seblak Instan Pedas Home Made,Rp3.500,the Dhecip,2rb+ terjual,Tangerang Selatan,4.8
116,Seblak Instan Ceu Nthien Khas Bandung Rasana Ngeunah Pisan,Rp15.000,Central Seblak Nusantara,2rb+ terjual,Tangerang Selatan,4.9
117,seblak instant sajodo snak,Rp19.000,hikmah berkah jaya,750+ terjual,Jakarta Barat,4.8
118,Gelifood Seblak Instan Kerupuk Mawar Bumbu Kencur Rafael Pedas Gurih,Rp13.000,Lidigeli,100+ terjual,Kab. Garut,4.9
119,seblak instan jeletot jajanan hits bandung 1 porsi,Rp4.180,tokomakanankalimantan,1rb+ terjual,Jakarta Barat,4.8
120,"seblak kering pedas 250 gr/seblak kencur/kerupuk seblak,enak dan gurih",Rp9.999,aghniya,250+ terjual,Tangerang Selatan,4.8
121,KERUPUK SEBLAK PEDAS / KRUPUK SEBLAK KERING DAUN JERUK PEDES,Rp25.000,LEGIT SNACK,24 terjual,Jakarta Barat,5.0
122,Kerupuk Seblak / Seblak / Kering Pedas /,Rp9.800,Anggris store,40+ terjual,Kab. Bogor,4.8
123,"siomay kering bandung 500 gr. untuk baso aci, seblak ,mie ayam dll",Rp14.999,aghniya,750+ terjual,Tangerang Selatan,4.9
124,"BATAGOR MINI KERING 100 PCS TOPING BASO ACI, SEBLAK DAN MIE INSTAN",Rp8.000,global cookware1,500+ terjual,Jakarta Barat,4.9
125,Seblak RAFAEL | Seblak MAMANG RAFAEL | Seblak Viral,Rp40.000,Naturally Plus Jakarta,100+ terjual,Kab. Tangerang,5.0
126,Kerupuk SEBLAK MAWAR Rafael - Cikruh Daun Jeruk,Rp20.000,KRIUK JAYA,26 terjual,Jakarta Barat,4.9
127,Krupuk seblak mawar rafael pedas 500gr,Rp20.000,Markas Makaroni,100+ terjual,Kab. Bekasi,4.9
128,Gelifood Seblak Instan Kerupuk Mawar Bumbu Kencur Rafael Pedas Gurih,Rp13.000,Lidigeli,100+ terjual,Kab. Garut,4.9
129,Krupuk seblak mawar rafael pedas 250gram,Rp12.500,Markas Makaroni,100+ terjual,Kab. Bekasi,4.7
130,Seblak Instan Pedas Home Made,Rp3.500,the Dhecip,2rb+ terjual,Tangerang Selatan,4.8
131,Seblak Instan Ceu Nthien Khas Bandung Rasana Ngeunah Pisan,Rp15.000,Central Seblak Nusantara,2rb+ terjual,Tangerang Selatan,4.9
132,seblak instant sajodo snak,Rp19.000,hikmah berkah jaya,750+ terjual,Jakarta Barat,4.8
133,Gelifood Seblak Instan Kerupuk Mawar Bumbu Kencur Rafael Pedas Gurih,Rp13.000,Lidigeli,100+ terjual,Kab. Garut,4.9
134,PROMO !!!! Seblak Instan Beli 20 free 1 Murah Enak,Rp4.550,ivy's-kitchen,500+ terjual,Kab. Tangerang,4.7
135,Gelifood Seblak Instan Kerupuk Mawar Bumbu Kencur Rafael Pedas Gurih,Rp13.000,Lidigeli,100+ terjual,Kab. Garut,4.9
136,Seblak Instan Pedas Home Made,Rp3.500,the Dhecip,2rb+ terjual,Tangerang Selatan,4.8
137,Seblak Instan Komplit Pedas Gurih Nikmat,Rp5.999,Baso Aci Ayang,2rb+ terjual,Kab. Garut,4.9
138,"seblak kering pedas 250 gr/seblak kencur/kerupuk seblak,enak dan gurih",Rp9.999,aghniya,250+ terjual,Tangerang Selatan,4.8
139,"seblak ceker 250 gr pedas daun jeruk, gurih,cemilan bikin nagih",Rp9.999,aghniya,60+ terjual,Tangerang Selatan,4.8
140,Kylafood Seblak Mie Baso,Rp21.450,kylafood,4rb+ terjual,Bandung,4.9
141,seblak instan om brewok - Original,Rp14.000,Muysproduct,2 terjual,Kab. Bogor,5.0
142,Geli Chips - Seblak Kering Pedas Gurih Daun Jeruk 65gr,Rp10.200,Foodstocks,29 terjual,Jakarta Selatan,5.0
143,Seblak Mager (seblak instan) ,Rp18.000,seblakmager,,Bandung,
144, Kylafood Paket 4 Seblak Original 1 Batagor,Rp85.875,kylafood,1rb+ terjual,Bandung,4.9
145,cemilan seblak ring pedas 250gr,Rp16.000,oke snack,250+ terjual,Jakarta Selatan,4.8
146,SEBLAK KENCUR 75 gram,Rp7.000,Vavivo Tart & Cake,13 terjual,Kab. Bogor,5.0
147,"Kylafood Seblak Rempah Autentik 115gr, Seblak Instan Halal",Rp9.900,Brother Meat Shop,27 terjual,Depok,4.8
148,Kerupuk Seblak Viral / Kerupuk Mawar Putih Viral Mentah 250gram,Rp8.000,Bumbukeluargakita,18 terjual,Jakarta Barat,5.0
149,cuanki tahu pasung isi 50 murah batagor kering toping seblak baso aci,Rp12.000,CuankiCulametan,250+ terjual,Kab. Garut,4.9
150,Seblak Instan Pedas Home Made,Rp3.500,the Dhecip,2rb+ terjual,Tangerang Selatan,4.8
151,Seblak Instan Ceu Nthien Khas Bandung Rasana Ngeunah Pisan,Rp15.000,Central Seblak Nusantara,2rb+ terjual,Tangerang Selatan,4.9
152,seblak instant sajodo snak,Rp19.000,hikmah berkah jaya,750+ terjual,Jakarta Barat,4.8
153,Gelifood Seblak Instan Kerupuk Mawar Bumbu Kencur Rafael Pedas Gurih,Rp13.000,Lidigeli,100+ terjual,Kab. Garut,4.9
154,seblak instan jeletot jajanan hits bandung 1 porsi,Rp4.180,tokomakanankalimantan,1rb+ terjual,Jakarta Barat,4.8
155,"seblak kering pedas 250 gr/seblak kencur/kerupuk seblak,enak dan gurih",Rp9.999,aghniya,250+ terjual,Tangerang Selatan,4.8
156,KERUPUK SEBLAK PEDAS / KRUPUK SEBLAK KERING DAUN JERUK PEDES,Rp25.000,LEGIT SNACK,24 terjual,Jakarta Barat,5.0
157,Kerupuk Seblak / Seblak / Kering Pedas /,Rp9.800,Anggris store,40+ terjual,Kab. Bogor,4.8
158,"siomay kering bandung 500 gr. untuk baso aci, seblak ,mie ayam dll",Rp14.999,aghniya,750+ terjual,Tangerang Selatan,4.9
159,"BATAGOR MINI KERING 100 PCS TOPING BASO ACI, SEBLAK DAN MIE INSTAN",Rp8.000,global cookware1,500+ terjual,Jakarta Barat,4.9
160,Seblak RAFAEL | Seblak MAMANG RAFAEL | Seblak Viral,Rp40.000,Naturally Plus Jakarta,100+ terjual,Kab. Tangerang,5.0
161,Kerupuk SEBLAK MAWAR Rafael - Cikruh Daun Jeruk,Rp20.000,KRIUK JAYA,26 terjual,Jakarta Barat,4.9
162,Krupuk seblak mawar rafael pedas 500gr,Rp20.000,Markas Makaroni,100+ terjual,Kab. Bekasi,4.9
163,Gelifood Seblak Instan Kerupuk Mawar Bumbu Kencur Rafael Pedas Gurih,Rp13.000,Lidigeli,100+ terjual,Kab. Garut,4.9
164,Krupuk seblak mawar rafael pedas 250gram,Rp12.500,Markas Makaroni,100+ terjual,Kab. Bekasi,4.7
165,Seblak Instan Pedas Home Made,Rp3.500,the Dhecip,2rb+ terjual,Tangerang Selatan,4.8
166,Seblak Instan Ceu Nthien Khas Bandung Rasana Ngeunah Pisan,Rp15.000,Central Seblak Nusantara,2rb+ terjual,Tangerang Selatan,4.9
167,seblak instant sajodo snak,Rp19.000,hikmah berkah jaya,750+ terjual,Jakarta Barat,4.8
168,Gelifood Seblak Instan Kerupuk Mawar Bumbu Kencur Rafael Pedas Gurih,Rp13.000,Lidigeli,100+ terjual,Kab. Garut,4.9
169,PROMO !!!! Seblak Instan Beli 20 free 1 Murah Enak,Rp4.550,ivy's-kitchen,500+ terjual,Kab. Tangerang,4.7
170,Gelifood Seblak Instan Kerupuk Mawar Bumbu Kencur Rafael Pedas Gurih,Rp13.000,Lidigeli,100+ terjual,Kab. Garut,4.9
171,Seblak Instan Pedas Home Made,Rp3.500,the Dhecip,2rb+ terjual,Tangerang Selatan,4.8
172,Seblak Instan Komplit Pedas Gurih Nikmat,Rp5.999,Baso Aci Ayang,2rb+ terjual,Kab. Garut,4.9
173,"seblak kering pedas 250 gr/seblak kencur/kerupuk seblak,enak dan gurih",Rp9.999,aghniya,250+ terjual,Tangerang Selatan,4.8
174,"seblak ceker 250 gr pedas daun jeruk, gurih,cemilan bikin nagih",Rp9.999,aghniya,60+ terjual,Tangerang Selatan,4.8
175,Geli Food Seblak Ceker Tanpa Tulang Super Pedas 180gr,Rp22.500,Lidigeli,29 terjual,Kab. Garut,5.0
176,Kylafood Seblak Cup,Rp11.000,Kylafood Jakarta,100+ terjual,Jakarta Selatan,4.9
177,"Seblak Rafael, Seblak Coet Instan Halal",Rp25.000,Brother Meat Shop,40+ terjual,Depok,5.0
178,KERUPUK KRUPUK SEBLAK PEDAS 250 GR,Rp17.248,TOKO KUE MEISYA,100+ terjual,Jakarta Pusat,4.9
179,KRUPUK STIK RASA UDANG CAP PADI KAPAS KHAS INDRAMAYU BISA BUAT SEBLAK,Rp19.050,dariimyu,100+ terjual,Kab. Indramayu,5.0
180,Krupuk seblak//Krupuk Bantet 250gr,Rp6.000,Bunda alifba,40+ terjual,Jakarta Barat,4.7
181,siomay kering mini untuk baso aci & seblak bandung,Rp14.999,aghniya,250+ terjual,Tangerang Selatan,4.9
182,seblak rafael / seblak coet / seblak cocol,Rp7.500,babykhai,250+ terjual,Jakarta Timur,4.8
183,"LIDAH 75pcs cuanki Toping Baso Aci, Seblak khas Garut",Rp19.109,gaiagarut,100+ terjual,Kab. Garut,4.9
184,KERUPUK SEBLAK JABLAY 250 GRAM,Rp17.325,TOKO KUE MEISYA,250+ terjual,Jakarta Pusat,4.9
185,Seblak Instan Pedas Home Made,Rp3.500,the Dhecip,2rb+ terjual,Tangerang Selatan,4.8
186,Seblak Instan Ceu Nthien Khas Bandung Rasana Ngeunah Pisan,Rp15.000,Central Seblak Nusantara,2rb+ terjual,Tangerang Selatan,4.9
187,seblak instant sajodo snak,Rp19.000,hikmah berkah jaya,750+ terjual,Jakarta Barat,4.8
188,Gelifood Seblak Instan Kerupuk Mawar Bumbu Kencur Rafael Pedas Gurih,Rp13.000,Lidigeli,100+ terjual,Kab. Garut,4.9
189,seblak instan jeletot jajanan hits bandung 1 porsi,Rp4.180,tokomakanankalimantan,1rb+ terjual,Jakarta Barat,4.8
190,"seblak kering pedas 250 gr/seblak kencur/kerupuk seblak,enak dan gurih",Rp9.999,aghniya,250+ terjual,Tangerang Selatan,4.8
191,KERUPUK SEBLAK PEDAS / KRUPUK SEBLAK KERING DAUN JERUK PEDES,Rp25.000,LEGIT SNACK,24 terjual,Jakarta Barat,5.0
192,Kerupuk Seblak / Seblak / Kering Pedas /,Rp9.800,Anggris store,40+ terjual,Kab. Bogor,4.8
193,"siomay kering bandung 500 gr. untuk baso aci, seblak ,mie ayam dll",Rp14.999,aghniya,750+ terjual,Tangerang Selatan,4.9
194,"BATAGOR MINI KERING 100 PCS TOPING BASO ACI, SEBLAK DAN MIE INSTAN",Rp8.000,global cookware1,500+ terjual,Jakarta Barat,4.9
195,Seblak RAFAEL | Seblak MAMANG RAFAEL | Seblak Viral,Rp40.000,Naturally Plus Jakarta,100+ terjual,Kab. Tangerang,5.0
196,Kerupuk SEBLAK MAWAR Rafael - Cikruh Daun Jeruk,Rp20.000,KRIUK JAYA,26 terjual,Jakarta Barat,4.9
197,Krupuk seblak mawar rafael pedas 500gr,Rp20.000,Markas Makaroni,100+ terjual,Kab. Bekasi,4.9
198,Gelifood Seblak Instan Kerupuk Mawar Bumbu Kencur Rafael Pedas Gurih,Rp13.000,Lidigeli,100+ terjual,Kab. Garut,4.9
199,Krupuk seblak mawar rafael pedas 250gram,Rp12.500,Markas Makaroni,100+ terjual,Kab. Bekasi,4.7
200,Seblak Instan Pedas Home Made,Rp3.500,the Dhecip,2rb+ terjual,Tangerang Selatan,4.8
201,Seblak Instan Ceu Nthien Khas Bandung Rasana Ngeunah Pisan,Rp15.000,Central Seblak Nusantara,2rb+ terjual,Tangerang Selatan,4.9
202,seblak instant sajodo snak,Rp19.000,hikmah berkah jaya,750+ terjual,Jakarta Barat,4.8
203,Gelifood Seblak Instan Kerupuk Mawar Bumbu Kencur Rafael Pedas Gurih,Rp13.000,Lidigeli,100+ terjual,Kab. Garut,4.9
204,PROMO !!!! Seblak Instan Beli 20 free 1 Murah Enak,Rp4.550,ivy's-kitchen,500+ terjual,Kab. Tangerang,4.7
205,Gelifood Seblak Instan Kerupuk Mawar Bumbu Kencur Rafael Pedas Gurih,Rp13.000,Lidigeli,100+ terjual,Kab. Garut,4.9
206,Seblak Instan Pedas Home Made,Rp3.500,the Dhecip,2rb+ terjual,Tangerang Selatan,4.8
207,Seblak Instan Komplit Pedas Gurih Nikmat,Rp5.999,Baso Aci Ayang,2rb+ terjual,Kab. Garut,4.9
208,"seblak kering pedas 250 gr/seblak kencur/kerupuk seblak,enak dan gurih",Rp9.999,aghniya,250+ terjual,Tangerang Selatan,4.8
209,"seblak ceker 250 gr pedas daun jeruk, gurih,cemilan bikin nagih",Rp9.999,aghniya,60+ terjual,Tangerang Selatan,4.8
210,Kerupuk seblak pedas daun jeruk 1kg,Rp35.000,HR_SNACK,,Kab.Ciamis,
211,Seblak Kering Gurih 65gram - Seblak 65gr,Rp10.965,Lidigeli,90+ terjual,Kab. Garut,4.9
212,Seblak Kerupuk,Rp12.000,agen produk organik jkt,,Jakarta Timur,
213,Kerupuk seblak pedas mawar daun jeruk (kerupuk rafael) 450gr,Rp17.000,snackmartbdg,,Kab. Subang,
214,Kerupuk Seblak Rafael Pedas / Seblak Mawar Pedes - Duo Bocil Snack,Rp15.000,DUO BOCIL SNACK,18 terjual,Depok,5.0
215,Kerupuk seblak Rafael pedas daun jeruk kencur renyah maknyus,Rp13.000,toko ultah dan pesta,7 terjual,Jakarta Timur,
216,SEBLAK CEKER CAP DUA PUTRA ISI 20 X 10 gram,Rp9.000,HRNWN STORE,5 terjual,Kab. Tangerang,5.0
217,KERUPUK SEBLAK RAFAEL KERING BANTAT PEDES DAUN JERUK 250gr,Rp16.000,AyundaSnack,40+ terjual,Bandung,4.8
218,SEBLAK INSTAN ORI/SEBLAK INSTAN KERUPUK/SEBLAK INSTAN MURAH,Rp3.899,dakar_ofc,80+ terjual,Kab. Mojokerto,4.2
219,MAKARONI bantet 70gr krupuk SEBLAK krupuk UDANG KERUPUK BANTET,Rp2.600,NomeL Shop,500+ terjual,Surabaya,4.8
220,Seblak Instan Pedas Home Made,Rp3.500,the Dhecip,2rb+ terjual,Tangerang Selatan,4.8
221,Seblak Instan Ceu Nthien Khas Bandung Rasana Ngeunah Pisan,Rp15.000,Central Seblak Nusantara,2rb+ terjual,Tangerang Selatan,4.9
222,seblak instant sajodo snak,Rp19.000,hikmah berkah jaya,750+ terjual,Jakarta Barat,4.8
223,Gelifood Seblak Instan Kerupuk Mawar Bumbu Kencur Rafael Pedas Gurih,Rp13.000,Lidigeli,100+ terjual,Kab. Garut,4.9
224,seblak instan jeletot jajanan hits bandung 1 porsi,Rp4.180,tokomakanankalimantan,1rb+ terjual,Jakarta Barat,4.8
225,"seblak kering pedas 250 gr/seblak kencur/kerupuk seblak,enak dan gurih",Rp9.999,aghniya,250+ terjual,Tangerang Selatan,4.8
226,KERUPUK SEBLAK PEDAS / KRUPUK SEBLAK KERING DAUN JERUK PEDES,Rp25.000,LEGIT SNACK,24 terjual,Jakarta Barat,5.0
227,Kerupuk Seblak / Seblak / Kering Pedas /,Rp9.800,Anggris store,40+ terjual,Kab. Bogor,4.8
228,"siomay kering bandung 500 gr. untuk baso aci, seblak ,mie ayam dll",Rp14.999,aghniya,750+ terjual,Tangerang Selatan,4.9
229,"BATAGOR MINI KERING 100 PCS TOPING BASO ACI, SEBLAK DAN MIE INSTAN",Rp8.000,global cookware1,500+ terjual,Jakarta Barat,4.9
230,Seblak RAFAEL | Seblak MAMANG RAFAEL | Seblak Viral,Rp40.000,Naturally Plus Jakarta,100+ terjual,Kab. Tangerang,5.0
231,Kerupuk SEBLAK MAWAR Rafael - Cikruh Daun Jeruk,Rp20.000,KRIUK JAYA,26 terjual,Jakarta Barat,4.9
232,Krupuk seblak mawar rafael pedas 500gr,Rp20.000,Markas Makaroni,100+ terjual,Kab. Bekasi,4.9
233,Gelifood Seblak Instan Kerupuk Mawar Bumbu Kencur Rafael Pedas Gurih,Rp13.000,Lidigeli,100+ terjual,Kab. Garut,4.9
234,Krupuk seblak mawar rafael pedas 250gram,Rp12.500,Markas Makaroni,100+ terjual,Kab. Bekasi,4.7
235,Seblak Instan Pedas Home Made,Rp3.500,the Dhecip,2rb+ terjual,Tangerang Selatan,4.8
236,Seblak Instan Ceu Nthien Khas Bandung Rasana Ngeunah Pisan,Rp15.000,Central Seblak Nusantara,2rb+ terjual,Tangerang Selatan,4.9
237,seblak instant sajodo snak,Rp19.000,hikmah berkah jaya,750+ terjual,Jakarta Barat,4.8
238,Gelifood Seblak Instan Kerupuk Mawar Bumbu Kencur Rafael Pedas Gurih,Rp13.000,Lidigeli,100+ terjual,Kab. Garut,4.9
239,PROMO !!!! Seblak Instan Beli 20 free 1 Murah Enak,Rp4.550,ivy's-kitchen,500+ terjual,Kab. Tangerang,4.7
240,Gelifood Seblak Instan Kerupuk Mawar Bumbu Kencur Rafael Pedas Gurih,Rp13.000,Lidigeli,100+ terjual,Kab. Garut,4.9
241,Seblak Instan Pedas Home Made,Rp3.500,the Dhecip,2rb+ terjual,Tangerang Selatan,4.8
242,Seblak Instan Komplit Pedas Gurih Nikmat,Rp5.999,Baso Aci Ayang,2rb+ terjual,Kab. Garut,4.9
243,"seblak kering pedas 250 gr/seblak kencur/kerupuk seblak,enak dan gurih",Rp9.999,aghniya,250+ terjual,Tangerang Selatan,4.8
244,"seblak ceker 250 gr pedas daun jeruk, gurih,cemilan bikin nagih",Rp9.999,aghniya,60+ terjual,Tangerang Selatan,4.8
245,CUANKIE JUARA! CUANKIE JAJANAN KULINER ENAK KHAS BANDUNG SATUAN,Rp22.000,Rasa Juara Indonesia,250+ terjual,Kab. Bandung,4.9
246,Maicih Basreng,Rp16.300,Gerai Snack Official Shop,10rb+ terjual,Kab. Tangerang,4.8
247,Cuanki lidah murah kiloan isi 150 toping seblak baso aci,Rp32.500,CuankiCulametan,100+ terjual,Kab. Garut,5.0
248,"Seblak Tiktak Cikur Pilus ""Tsaqil"" Pedas Gurih 80gr 2 in 1 - 5",Rp14.700,ngemilogi,19 terjual,Jakarta Barat,5.0
249,SEBLAK KICIMPRING MANG MUSS - LEVEL 1,Rp9.999,Seblak Mang Muss,750+ terjual,Tasikmalaya,4.8
250,Paket Isian Seblak,Rp25.000,Mantra Khatulistiwa Depok,,Depok,
251,"Seblak instan ""donatmieku""",Rp15.000,donatmieku_sby,14 terjual,Surabaya,5.0
252,krupuk seblak pedas daun jeruk bantet 500geram,Rp25.000,seblak barokah 07,100+ terjual,Kab. Bandung,4.7
253,Kylafood Seblak Mie Tulang Rawan,Rp25.500,kylafood,3rb+ terjual,Bandung,4.9
254,siomay mini kering 250 gram toping seblak baso aci,Rp8.000,CUANKI CULAMETAN,100+ terjual,Kab. Garut,4.8
255,Seblak Instan Pedas Home Made,Rp3.500,the Dhecip,2rb+ terjual,Tangerang Selatan,4.8
256,Seblak Instan Ceu Nthien Khas Bandung Rasana Ngeunah Pisan,Rp15.000,Central Seblak Nusantara,2rb+ terjual,Tangerang Selatan,4.9
257,seblak instant sajodo snak,Rp19.000,hikmah berkah jaya,750+ terjual,Jakarta Barat,4.8
258,Gelifood Seblak Instan Kerupuk Mawar Bumbu Kencur Rafael Pedas Gurih,Rp13.000,Lidigeli,100+ terjual,Kab. Garut,4.9
259,seblak instan jeletot jajanan hits bandung 1 porsi,Rp4.180,tokomakanankalimantan,1rb+ terjual,Jakarta Barat,4.8
260,"seblak kering pedas 250 gr/seblak kencur/kerupuk seblak,enak dan gurih",Rp9.999,aghniya,250+ terjual,Tangerang Selatan,4.8
261,KERUPUK SEBLAK PEDAS / KRUPUK SEBLAK KERING DAUN JERUK PEDES,Rp25.000,LEGIT SNACK,24 terjual,Jakarta Barat,5.0
262,Kerupuk Seblak / Seblak / Kering Pedas /,Rp9.800,Anggris store,40+ terjual,Kab. Bogor,4.8
263,"siomay kering bandung 500 gr. untuk baso aci, seblak ,mie ayam dll",Rp14.999,aghniya,750+ terjual,Tangerang Selatan,4.9
264,"BATAGOR MINI KERING 100 PCS TOPING BASO ACI, SEBLAK DAN MIE INSTAN",Rp8.000,global cookware1,500+ terjual,Jakarta Barat,4.9
265,Seblak RAFAEL | Seblak MAMANG RAFAEL | Seblak Viral,Rp40.000,Naturally Plus Jakarta,100+ terjual,Kab. Tangerang,5.0
266,Kerupuk SEBLAK MAWAR Rafael - Cikruh Daun Jeruk,Rp20.000,KRIUK JAYA,26 terjual,Jakarta Barat,4.9
267,Krupuk seblak mawar rafael pedas 500gr,Rp20.000,Markas Makaroni,100+ terjual,Kab. Bekasi,4.9
268,Gelifood Seblak Instan Kerupuk Mawar Bumbu Kencur Rafael Pedas Gurih,Rp13.000,Lidigeli,100+ terjual,Kab. Garut,4.9
269,Krupuk seblak mawar rafael pedas 250gram,Rp12.500,Markas Makaroni,100+ terjual,Kab. Bekasi,4.7
270,Seblak Instan Pedas Home Made,Rp3.500,the Dhecip,2rb+ terjual,Tangerang Selatan,4.8
271,Seblak Instan Ceu Nthien Khas Bandung Rasana Ngeunah Pisan,Rp15.000,Central Seblak Nusantara,2rb+ terjual,Tangerang Selatan,4.9
272,seblak instant sajodo snak,Rp19.000,hikmah berkah jaya,750+ terjual,Jakarta Barat,4.8
273,Gelifood Seblak Instan Kerupuk Mawar Bumbu Kencur Rafael Pedas Gurih,Rp13.000,Lidigeli,100+ terjual,Kab. Garut,4.9
274,PROMO !!!! Seblak Instan Beli 20 free 1 Murah Enak,Rp4.550,ivy's-kitchen,500+ terjual,Kab. Tangerang,4.7
275,Gelifood Seblak Instan Kerupuk Mawar Bumbu Kencur Rafael Pedas Gurih,Rp13.000,Lidigeli,100+ terjual,Kab. Garut,4.9
276,Seblak Instan Pedas Home Made,Rp3.500,the Dhecip,2rb+ terjual,Tangerang Selatan,4.8
277,Seblak Instan Komplit Pedas Gurih Nikmat,Rp5.999,Baso Aci Ayang,2rb+ terjual,Kab. Garut,4.9
278,"seblak kering pedas 250 gr/seblak kencur/kerupuk seblak,enak dan gurih",Rp9.999,aghniya,250+ terjual,Tangerang Selatan,4.8
279,"seblak ceker 250 gr pedas daun jeruk, gurih,cemilan bikin nagih",Rp9.999,aghniya,60+ terjual,Tangerang Selatan,4.8
280,Geli Food Seblak Ceker Tanpa Tulang Super Pedas 180gr,Rp22.500,Lidigeli,29 terjual,Kab. Garut,5.0
281,Kylafood Seblak Cup,Rp11.000,Kylafood Jakarta,100+ terjual,Jakarta Selatan,4.9
282,"Seblak Rafael, Seblak Coet Instan Halal",Rp25.000,Brother Meat Shop,40+ terjual,Depok,5.0
283,KERUPUK KRUPUK SEBLAK PEDAS 250 GR,Rp17.248,TOKO KUE MEISYA,100+ terjual,Jakarta Pusat,4.9
284,KRUPUK STIK RASA UDANG CAP PADI KAPAS KHAS INDRAMAYU BISA BUAT SEBLAK,Rp19.050,dariimyu,100+ terjual,Kab. Indramayu,5.0
285,Kerupuk Seblak Pedas Gurih aroma Kencur,Rp15.000,DUO BOCIL SNACK,1rb+ terjual,Depok,4.7
286,"Maicih (Gurilem, Lv 3, Lv 5, Seblak Ori )Termurah",Rp14.950,Fleon Shop,750+ terjual,Bandung,
287,"Siomay Mini Kering 500gr Asli Bandung - Topping Cuanki, Seblak, Baso",Rp12.900,Cuanki_Bandung,100+ terjual,Kab. Bandung,4.8
288,KSN SEBLAK ULEG viral ala mamang rapael,Rp7.400,pelangi girls naget,90+ terjual,Jakarta Timur,5.0
289,snack kiloan kerupuk seblak pedas nagih 250 gram free bubble warp,Rp16.000,camilaNung,500+ terjual,Bekasi,4.8
290,Seblak Instan Pedas Home Made,Rp3.500,the Dhecip,2rb+ terjual,Tangerang Selatan,4.8
291,Seblak Instan Ceu Nthien Khas Bandung Rasana Ngeunah Pisan,Rp15.000,Central Seblak Nusantara,2rb+ terjual,Tangerang Selatan,4.9
292,seblak instant sajodo snak,Rp19.000,hikmah berkah jaya,750+ terjual,Jakarta Barat,4.8
293,Gelifood Seblak Instan Kerupuk Mawar Bumbu Kencur Rafael Pedas Gurih,Rp13.000,Lidigeli,100+ terjual,Kab. Garut,4.9
294,seblak instan jeletot jajanan hits bandung 1 porsi,Rp4.180,tokomakanankalimantan,1rb+ terjual,Jakarta Barat,4.8
295,"seblak kering pedas 250 gr/seblak kencur/kerupuk seblak,enak dan gurih",Rp9.999,aghniya,250+ terjual,Tangerang Selatan,4.8
296,KERUPUK SEBLAK PEDAS / KRUPUK SEBLAK KERING DAUN JERUK PEDES,Rp25.000,LEGIT SNACK,24 terjual,Jakarta Barat,5.0
297,Kerupuk Seblak / Seblak / Kering Pedas /,Rp9.800,Anggris store,40+ terjual,Kab. Bogor,4.8
298,"siomay kering bandung 500 gr. untuk baso aci, seblak ,mie ayam dll",Rp14.999,aghniya,750+ terjual,Tangerang Selatan,4.9
299,"BATAGOR MINI KERING 100 PCS TOPING BASO ACI, SEBLAK DAN MIE INSTAN",Rp8.000,global cookware1,500+ terjual,Jakarta Barat,4.9
300,Seblak RAFAEL | Seblak MAMANG RAFAEL | Seblak Viral,Rp40.000,Naturally Plus Jakarta,100+ terjual,Kab. Tangerang,5.0
301,Kerupuk SEBLAK MAWAR Rafael - Cikruh Daun Jeruk,Rp20.000,KRIUK JAYA,26 terjual,Jakarta Barat,4.9
302,Krupuk seblak mawar rafael pedas 500gr,Rp20.000,Markas Makaroni,100+ terjual,Kab. Bekasi,4.9
303,Gelifood Seblak Instan Kerupuk Mawar Bumbu Kencur Rafael Pedas Gurih,Rp13.000,Lidigeli,100+ terjual,Kab. Garut,4.9
304,Krupuk seblak mawar rafael pedas 250gram,Rp12.500,Markas Makaroni,100+ terjual,Kab. Bekasi,4.7
305,Seblak Instan Pedas Home Made,Rp3.500,the Dhecip,2rb+ terjual,Tangerang Selatan,4.8
306,Seblak Instan Ceu Nthien Khas Bandung Rasana Ngeunah Pisan,Rp15.000,Central Seblak Nusantara,2rb+ terjual,Tangerang Selatan,4.9
307,seblak instant sajodo snak,Rp19.000,hikmah berkah jaya,750+ terjual,Jakarta Barat,4.8
308,Gelifood Seblak Instan Kerupuk Mawar Bumbu Kencur Rafael Pedas Gurih,Rp13.000,Lidigeli,100+ terjual,Kab. Garut,4.9
309,PROMO !!!! Seblak Instan Beli 20 free 1 Murah Enak,Rp4.550,ivy's-kitchen,500+ terjual,Kab. Tangerang,4.7
310,Gelifood Seblak Instan Kerupuk Mawar Bumbu Kencur Rafael Pedas Gurih,Rp13.000,Lidigeli,100+ terjual,Kab. Garut,4.9
311,Seblak Instan Pedas Home Made,Rp3.500,the Dhecip,2rb+ terjual,Tangerang Selatan,4.8
312,Seblak Instan Komplit Pedas Gurih Nikmat,Rp5.999,Baso Aci Ayang,2rb+ terjual,Kab. Garut,4.9
313,"seblak kering pedas 250 gr/seblak kencur/kerupuk seblak,enak dan gurih",Rp9.999,aghniya,250+ terjual,Tangerang Selatan,4.8
314,"seblak ceker 250 gr pedas daun jeruk, gurih,cemilan bikin nagih",Rp9.999,aghniya,60+ terjual,Tangerang Selatan,4.8
315,Kerupuk seblak pedas 500 Grm / kerupuk seblak pedas kencur,Rp22.500,adistri snack,,Kab.Ciamis,
316,kerupuk seblak 1kg - 1 kg,Rp42.000,zyvasnack,1 terjual,Kab. Purworejo,
317,Seblak Merah Pedas / Kerupuk Bawang Oleh Oleh Bandung Odjolali,Rp9.000,The Little Snacks,500+ terjual,Tangerang Selatan,4.9
318,kerupuk seblak pedas 1/2 kg / kerupuk seblak ½ - Pedas,Rp20.482,Adila_Putri_Snack,100+ terjual,Kab.Ciamis,4.8
319,seblak kencur / okesnack,Rp10.000,oke snack,750+ terjual,Jakarta Selatan,4.9
320,Kylafood Seblak Tulang Rawan 203gr,Rp29.900,Mode Mart Official Store,2 terjual,Bandung,
321,SEBLAK ACI JAGUAR TERLEZAT BASO ACI BAKSO ACI NIKMAT BELI 5 GRATIS 1,Rp10.000,Uai Food,750+ terjual,Surabaya,4.8
322,"Seblak kuah instan , Seblak khas garut b",Rp5.000,iwan resistans leather 2,500+ terjual,Kab. Garut,4.9
323,Keripik Cireng Seblak Bandung,Rp17.100,BarokahJayaSnack,40+ terjual,Bandung,4.7
324,STIK KERUPUK SEBLAK PEDAS 250 GRAM,Rp20.000,Akang Kripik,15 terjual,Jakarta Timur,5.0
325,Seblak Instan Pedas Home Made,Rp3.500,the Dhecip,2rb+ terjual,Tangerang Selatan,4.8
326,Seblak Instan Ceu Nthien Khas Bandung Rasana Ngeunah Pisan,Rp15.000,Central Seblak Nusantara,2rb+ terjual,Tangerang Selatan,4.9
327,seblak instant sajodo snak,Rp19.000,hikmah berkah jaya,750+ terjual,Jakarta Barat,4.8
328,Gelifood Seblak Instan Kerupuk Mawar Bumbu Kencur Rafael Pedas Gurih,Rp13.000,Lidigeli,100+ terjual,Kab. Garut,4.9
329,seblak instan jeletot jajanan hits bandung 1 porsi,Rp4.180,tokomakanankalimantan,1rb+ terjual,Jakarta Barat,4.8
330,"seblak kering pedas 250 gr/seblak kencur/kerupuk seblak,enak dan gurih",Rp9.999,aghniya,250+ terjual,Tangerang Selatan,4.8
331,KERUPUK SEBLAK PEDAS / KRUPUK SEBLAK KERING DAUN JERUK PEDES,Rp25.000,LEGIT SNACK,24 terjual,Jakarta Barat,5.0
332,Kerupuk Seblak / Seblak / Kering Pedas /,Rp9.800,Anggris store,40+ terjual,Kab. Bogor,4.8
333,"siomay kering bandung 500 gr. untuk baso aci, seblak ,mie ayam dll",Rp14.999,aghniya,750+ terjual,Tangerang Selatan,4.9
334,"BATAGOR MINI KERING 100 PCS TOPING BASO ACI, SEBLAK DAN MIE INSTAN",Rp8.000,global cookware1,500+ terjual,Jakarta Barat,4.9
335,Seblak RAFAEL | Seblak MAMANG RAFAEL | Seblak Viral,Rp40.000,Naturally Plus Jakarta,100+ terjual,Kab. Tangerang,5.0
336,Kerupuk SEBLAK MAWAR Rafael - Cikruh Daun Jeruk,Rp20.000,KRIUK JAYA,26 terjual,Jakarta Barat,4.9
337,Krupuk seblak mawar rafael pedas 500gr,Rp20.000,Markas Makaroni,100+ terjual,Kab. Bekasi,4.9
338,Gelifood Seblak Instan Kerupuk Mawar Bumbu Kencur Rafael Pedas Gurih,Rp13.000,Lidigeli,100+ terjual,Kab. Garut,4.9
339,Krupuk seblak mawar rafael pedas 250gram,Rp12.500,Markas Makaroni,100+ terjual,Kab. Bekasi,4.7
340,Seblak Instan Pedas Home Made,Rp3.500,the Dhecip,2rb+ terjual,Tangerang Selatan,4.8
341,Seblak Instan Ceu Nthien Khas Bandung Rasana Ngeunah Pisan,Rp15.000,Central Seblak Nusantara,2rb+ terjual,Tangerang Selatan,4.9
342,seblak instant sajodo snak,Rp19.000,hikmah berkah jaya,750+ terjual,Jakarta Barat,4.8
343,Gelifood Seblak Instan Kerupuk Mawar Bumbu Kencur Rafael Pedas Gurih,Rp13.000,Lidigeli,100+ terjual,Kab. Garut,4.9
344,PROMO !!!! Seblak Instan Beli 20 free 1 Murah Enak,Rp4.550,ivy's-kitchen,500+ terjual,Kab. Tangerang,4.7
345,Gelifood Seblak Instan Kerupuk Mawar Bumbu Kencur Rafael Pedas Gurih,Rp13.000,Lidigeli,100+ terjual,Kab. Garut,4.9
346,Seblak Instan Pedas Home Made,Rp3.500,the Dhecip,2rb+ terjual,Tangerang Selatan,4.8
347,Seblak Instan Komplit Pedas Gurih Nikmat,Rp5.999,Baso Aci Ayang,2rb+ terjual,Kab. Garut,4.9
348,"seblak kering pedas 250 gr/seblak kencur/kerupuk seblak,enak dan gurih",Rp9.999,aghniya,250+ terjual,Tangerang Selatan,4.8
349,"seblak ceker 250 gr pedas daun jeruk, gurih,cemilan bikin nagih",Rp9.999,aghniya,60+ terjual,Tangerang Selatan,4.8
350,SIOMAY KERING MINI 1Kg BASO ACI SEBLAK BANDUNG ISIAN BASO ACI,Rp30.000,Uai Food,80+ terjual,Surabaya,4.9
351,siomay mini kering 1kg / gurilem toping seblak baso aci cuanki,Rp25.000,CuankiCulametan,100+ terjual,Kab. Garut,4.9
352,Bakso Aci Instan Murah Asli Bandung Frozen Baso Cilok Kuah Kenyang,Rp5.702,Berkah Food Bandung,10rb+ terjual,Cimahi,4.9
353,Cuanki Pangsit kering Segitiga Cipet isi 100 toping seblak baso aci,Rp31.000,CuankiCulametan,40+ terjual,Kab. Garut,4.6
354,"Seblak Instant ""mBak'Well""",Rp15.000,Welly Mart,100+ terjual,Tangerang Selatan,5.0
355,seblak basreng pedas original exstra daun jeruk 500gram,Rp25.000,Seblak putra bandung,250+ terjual,Kab. Bandung,4.8
356,Kerupuk Seblak Bantet 100 gram-Tantaz Snack,Rp7.500,tantaz_Snack,60+ terjual,Tangerang Selatan,5.0
357,siomay mini GURILEM EKONOMIS 500gram Toping Baso Aci Cuanki Seblak,Rp13.999,gaiagarut,30+ terjual,Kab. Garut,5.0
358,CEMILAN BOX 250 GRAM BASRENG KERUPUK SEBLAK GELUNG MAKARONI SPIRAL,Rp35.899,Nyemil Saji Jaktim,40+ terjual,Jakarta Timur,4.6
359,Seblak instan Pedess bandung,Rp6.500,Angsa Collections,250+ terjual,Jakarta Barat,4.5
360,Seblak Instan Pedas Home Made,Rp3.500,the Dhecip,2rb+ terjual,Tangerang Selatan,4.8
361,Seblak Instan Ceu Nthien Khas Bandung Rasana Ngeunah Pisan,Rp15.000,Central Seblak Nusantara,2rb+ terjual,Tangerang Selatan,4.9
362,seblak instant sajodo snak,Rp19.000,hikmah berkah jaya,750+ terjual,Jakarta Barat,4.8
363,Gelifood Seblak Instan Kerupuk Mawar Bumbu Kencur Rafael Pedas Gurih,Rp13.000,Lidigeli,100+ terjual,Kab. Garut,4.9
364,seblak instan jeletot jajanan hits bandung 1 porsi,Rp4.180,tokomakanankalimantan,1rb+ terjual,Jakarta Barat,4.8
365,"seblak kering pedas 250 gr/seblak kencur/kerupuk seblak,enak dan gurih",Rp9.999,aghniya,250+ terjual,Tangerang Selatan,4.8
366,KERUPUK SEBLAK PEDAS / KRUPUK SEBLAK KERING DAUN JERUK PEDES,Rp25.000,LEGIT SNACK,24 terjual,Jakarta Barat,5.0
367,Kerupuk Seblak / Seblak / Kering Pedas /,Rp9.800,Anggris store,40+ terjual,Kab. Bogor,4.8
368,"siomay kering bandung 500 gr. untuk baso aci, seblak ,mie ayam dll",Rp14.999,aghniya,750+ terjual,Tangerang Selatan,4.9
369,"BATAGOR MINI KERING 100 PCS TOPING BASO ACI, SEBLAK DAN MIE INSTAN",Rp8.000,global cookware1,500+ terjual,Jakarta Barat,4.9
370,Seblak RAFAEL | Seblak MAMANG RAFAEL | Seblak Viral,Rp40.000,Naturally Plus Jakarta,100+ terjual,Kab. Tangerang,5.0
371,Kerupuk SEBLAK MAWAR Rafael - Cikruh Daun Jeruk,Rp20.000,KRIUK JAYA,26 terjual,Jakarta Barat,4.9
372,Krupuk seblak mawar rafael pedas 500gr,Rp20.000,Markas Makaroni,100+ terjual,Kab. Bekasi,4.9
373,Gelifood Seblak Instan Kerupuk Mawar Bumbu Kencur Rafael Pedas Gurih,Rp13.000,Lidigeli,100+ terjual,Kab. Garut,4.9
374,Krupuk seblak mawar rafael pedas 250gram,Rp12.500,Markas Makaroni,100+ terjual,Kab. Bekasi,4.7
375,Seblak Instan Pedas Home Made,Rp3.500,the Dhecip,2rb+ terjual,Tangerang Selatan,4.8
376,Seblak Instan Ceu Nthien Khas Bandung Rasana Ngeunah Pisan,Rp15.000,Central Seblak Nusantara,2rb+ terjual,Tangerang Selatan,4.9
377,seblak instant sajodo snak,Rp19.000,hikmah berkah jaya,750+ terjual,Jakarta Barat,4.8
378,Gelifood Seblak Instan Kerupuk Mawar Bumbu Kencur Rafael Pedas Gurih,Rp13.000,Lidigeli,100+ terjual,Kab. Garut,4.9
379,PROMO !!!! Seblak Instan Beli 20 free 1 Murah Enak,Rp4.550,ivy's-kitchen,500+ terjual,Kab. Tangerang,4.7
380,Gelifood Seblak Instan Kerupuk Mawar Bumbu Kencur Rafael Pedas Gurih,Rp13.000,Lidigeli,100+ terjual,Kab. Garut,4.9
381,Seblak Instan Pedas Home Made,Rp3.500,the Dhecip,2rb+ terjual,Tangerang Selatan,4.8
382,Seblak Instan Komplit Pedas Gurih Nikmat,Rp5.999,Baso Aci Ayang,2rb+ terjual,Kab. Garut,4.9
383,"seblak kering pedas 250 gr/seblak kencur/kerupuk seblak,enak dan gurih",Rp9.999,aghniya,250+ terjual,Tangerang Selatan,4.8
384,"seblak ceker 250 gr pedas daun jeruk, gurih,cemilan bikin nagih",Rp9.999,aghniya,60+ terjual,Tangerang Selatan,4.8
385,SIOMAY KERING MINI 1Kg BASO ACI SEBLAK BANDUNG ISIAN BASO ACI,Rp30.000,Uai Food,80+ terjual,Surabaya,4.9
386,siomay mini kering 1kg / gurilem toping seblak baso aci cuanki,Rp25.000,CuankiCulametan,100+ terjual,Kab. Garut,4.9
387,Bakso Aci Instan Murah Asli Bandung Frozen Baso Cilok Kuah Kenyang,Rp5.702,Berkah Food Bandung,10rb+ terjual,Cimahi,4.9
388,Cuanki Pangsit kering Segitiga Cipet isi 100 toping seblak baso aci,Rp31.000,CuankiCulametan,40+ terjual,Kab. Garut,4.6
389,"Seblak Instant ""mBak'Well""",Rp15.000,Welly Mart,100+ terjual,Tangerang Selatan,5.0
390,seblak instant,Rp17.000,Taufik Bumbu Giling,1 terjual,Jakarta Selatan,5.0
391,krupuk seblak bumbu kacang,Rp16.800,H Nugraha,30+ terjual,Bandung,4.8
392,Kerupuk Seblak Mentah/ Krupuk Seblak Viral/ Kerupuk Mawar 5kg,Rp109.750,Makanan Tradisi Id,11 terjual,Jakarta Pusat,5.0
393,Snack Cemilan Seblak Mawar Pedas 1 Kilo,Rp57.000,Mokosnacksby,9 terjual,Surabaya,5.0
394,ANEKA BAHAN SEBLAK/MAKARONI/KERUPUK SEBLAK MENTAH @500gr,Rp10.000,sansay327,70+ terjual,Tangerang Selatan,5.0
395,Seblak Instan Pedas Home Made,Rp3.500,the Dhecip,2rb+ terjual,Tangerang Selatan,4.8
396,Seblak Instan Ceu Nthien Khas Bandung Rasana Ngeunah Pisan,Rp15.000,Central Seblak Nusantara,2rb+ terjual,Tangerang Selatan,4.9
397,seblak instant sajodo snak,Rp19.000,hikmah berkah jaya,750+ terjual,Jakarta Barat,4.8
398,Gelifood Seblak Instan Kerupuk Mawar Bumbu Kencur Rafael Pedas Gurih,Rp13.000,Lidigeli,100+ terjual,Kab. Garut,4.9
399,seblak instan jeletot jajanan hits bandung 1 porsi,Rp4.180,tokomakanankalimantan,1rb+ terjual,Jakarta Barat,4.8
400,"seblak kering pedas 250 gr/seblak kencur/kerupuk seblak,enak dan gurih",Rp9.999,aghniya,250+ terjual,Tangerang Selatan,4.8
401,KERUPUK SEBLAK PEDAS / KRUPUK SEBLAK KERING DAUN JERUK PEDES,Rp25.000,LEGIT SNACK,24 terjual,Jakarta Barat,5.0
402,Kerupuk Seblak / Seblak / Kering Pedas /,Rp9.800,Anggris store,40+ terjual,Kab. Bogor,4.8
403,"siomay kering bandung 500 gr. untuk baso aci, seblak ,mie ayam dll",Rp14.999,aghniya,750+ terjual,Tangerang Selatan,4.9
404,"BATAGOR MINI KERING 100 PCS TOPING BASO ACI, SEBLAK DAN MIE INSTAN",Rp8.000,global cookware1,500+ terjual,Jakarta Barat,4.9
405,Seblak RAFAEL | Seblak MAMANG RAFAEL | Seblak Viral,Rp40.000,Naturally Plus Jakarta,100+ terjual,Kab. Tangerang,5.0
406,Kerupuk SEBLAK MAWAR Rafael - Cikruh Daun Jeruk,Rp20.000,KRIUK JAYA,26 terjual,Jakarta Barat,4.9
407,Krupuk seblak mawar rafael pedas 500gr,Rp20.000,Markas Makaroni,100+ terjual,Kab. Bekasi,4.9
408,Gelifood Seblak Instan Kerupuk Mawar Bumbu Kencur Rafael Pedas Gurih,Rp13.000,Lidigeli,100+ terjual,Kab. Garut,4.9
409,Krupuk seblak mawar rafael pedas 250gram,Rp12.500,Markas Makaroni,100+ terjual,Kab. Bekasi,4.7
410,Seblak Instan Pedas Home Made,Rp3.500,the Dhecip,2rb+ terjual,Tangerang Selatan,4.8
411,Seblak Instan Ceu Nthien Khas Bandung Rasana Ngeunah Pisan,Rp15.000,Central Seblak Nusantara,2rb+ terjual,Tangerang Selatan,4.9
412,seblak instant sajodo snak,Rp19.000,hikmah berkah jaya,750+ terjual,Jakarta Barat,4.8
413,Gelifood Seblak Instan Kerupuk Mawar Bumbu Kencur Rafael Pedas Gurih,Rp13.000,Lidigeli,100+ terjual,Kab. Garut,4.9
414,PROMO !!!! Seblak Instan Beli 20 free 1 Murah Enak,Rp4.550,ivy's-kitchen,500+ terjual,Kab. Tangerang,4.7
415,Gelifood Seblak Instan Kerupuk Mawar Bumbu Kencur Rafael Pedas Gurih,Rp13.000,Lidigeli,100+ terjual,Kab. Garut,4.9
416,Seblak Instan Pedas Home Made,Rp3.500,the Dhecip,2rb+ terjual,Tangerang Selatan,4.8
417,Seblak Instan Komplit Pedas Gurih Nikmat,Rp5.999,Baso Aci Ayang,2rb+ terjual,Kab. Garut,4.9
418,"seblak kering pedas 250 gr/seblak kencur/kerupuk seblak,enak dan gurih",Rp9.999,aghniya,250+ terjual,Tangerang Selatan,4.8
419,"seblak ceker 250 gr pedas daun jeruk, gurih,cemilan bikin nagih",Rp9.999,aghniya,60+ terjual,Tangerang Selatan,4.8
420,Kylafood Seblak Rempah Autentik isi (20 pcs),Rp216.630,kylafood,10 terjual,Bandung,5.0
421,Paket Isi 6 Makaroni Basah Instan | Seblak Basah Instan,Rp93.840,Lakoca Official Shop,14 terjual,Cimahi,4.8
422,Keripik Cireng Seblak Bandung,Rp17.100,BarokahJayaSnack,40+ terjual,Bandung,4.7
423, Kylafood Seblak karuhun,Rp10.530,kylafood,4rb+ terjual,Bandung,4.8
424,Omiyago Snack Kerupuk Seblak,Rp6.020,omiyago,30+ terjual,Jakarta Barat,4.8
425,Kerupuk Pedas Sebring Seblak Keriting Extra Pedas Kencur isi 150 Gram,Rp12.000,toko kue pundi mas,100+ terjual,Jakarta Pusat,4.8
426,Seblak ceker pedas dua putra,Rp10.000,Toko Butong Grosir,7 terjual,Serang,5.0
427,Seblak Bapper Instan Hot Spicy/Seblak Bapper Pedas,Rp16.900,V3 OnSHop,21 terjual,Surabaya,4.9
428,"Keripik Maicih - Lv 3, Lv 5, Seblak Ori, Gurilem",Rp17.000,I Love Snack Indonesia,70+ terjual,Jakarta Barat,5.0
429,seblak Cuanki Instan Pope,Rp12.500,POPE Shop,2rb+ terjual,Depok,4.7
430,Seblak Instan Pedas Home Made,Rp3.500,the Dhecip,2rb+ terjual,Tangerang Selatan,4.8
431,Seblak Instan Ceu Nthien Khas Bandung Rasana Ngeunah Pisan,Rp15.000,Central Seblak Nusantara,2rb+ terjual,Tangerang Selatan,4.9
432,seblak instant sajodo snak,Rp19.000,hikmah berkah jaya,750+ terjual,Jakarta Barat,4.8
433,Gelifood Seblak Instan Kerupuk Mawar Bumbu Kencur Rafael Pedas Gurih,Rp13.000,Lidigeli,100+ terjual,Kab. Garut,4.9
434,seblak instan jeletot jajanan hits bandung 1 porsi,Rp4.180,tokomakanankalimantan,1rb+ terjual,Jakarta Barat,4.8
435,"seblak kering pedas 250 gr/seblak kencur/kerupuk seblak,enak dan gurih",Rp9.999,aghniya,250+ terjual,Tangerang Selatan,4.8
436,KERUPUK SEBLAK PEDAS / KRUPUK SEBLAK KERING DAUN JERUK PEDES,Rp25.000,LEGIT SNACK,24 terjual,Jakarta Barat,5.0
437,Kerupuk Seblak / Seblak / Kering Pedas /,Rp9.800,Anggris store,40+ terjual,Kab. Bogor,4.8
438,"siomay kering bandung 500 gr. untuk baso aci, seblak ,mie ayam dll",Rp14.999,aghniya,750+ terjual,Tangerang Selatan,4.9
439,"BATAGOR MINI KERING 100 PCS TOPING BASO ACI, SEBLAK DAN MIE INSTAN",Rp8.000,global cookware1,500+ terjual,Jakarta Barat,4.9
440,Seblak RAFAEL | Seblak MAMANG RAFAEL | Seblak Viral,Rp40.000,Naturally Plus Jakarta,100+ terjual,Kab. Tangerang,5.0
441,Kerupuk SEBLAK MAWAR Rafael - Cikruh Daun Jeruk,Rp20.000,KRIUK JAYA,26 terjual,Jakarta Barat,4.9
442,Krupuk seblak mawar rafael pedas 500gr,Rp20.000,Markas Makaroni,100+ terjual,Kab. Bekasi,4.9
443,Gelifood Seblak Instan Kerupuk Mawar Bumbu Kencur Rafael Pedas Gurih,Rp13.000,Lidigeli,100+ terjual,Kab. Garut,4.9
444,Krupuk seblak mawar rafael pedas 250gram,Rp12.500,Markas Makaroni,100+ terjual,Kab. Bekasi,4.7
445,Seblak Instan Pedas Home Made,Rp3.500,the Dhecip,2rb+ terjual,Tangerang Selatan,4.8
446,Seblak Instan Ceu Nthien Khas Bandung Rasana Ngeunah Pisan,Rp15.000,Central Seblak Nusantara,2rb+ terjual,Tangerang Selatan,4.9
447,seblak instant sajodo snak,Rp19.000,hikmah berkah jaya,750+ terjual,Jakarta Barat,4.8
448,Gelifood Seblak Instan Kerupuk Mawar Bumbu Kencur Rafael Pedas Gurih,Rp13.000,Lidigeli,100+ terjual,Kab. Garut,4.9
449,PROMO !!!! Seblak Instan Beli 20 free 1 Murah Enak,Rp4.550,ivy's-kitchen,500+ terjual,Kab. Tangerang,4.7
450,Gelifood Seblak Instan Kerupuk Mawar Bumbu Kencur Rafael Pedas Gurih,Rp13.000,Lidigeli,100+ terjual,Kab. Garut,4.9
451,Seblak Instan Pedas Home Made,Rp3.500,the Dhecip,2rb+ terjual,Tangerang Selatan,4.8
452,Seblak Instan Komplit Pedas Gurih Nikmat,Rp5.999,Baso Aci Ayang,2rb+ terjual,Kab. Garut,4.9
453,"seblak kering pedas 250 gr/seblak kencur/kerupuk seblak,enak dan gurih",Rp9.999,aghniya,250+ terjual,Tangerang Selatan,4.8
454,"seblak ceker 250 gr pedas daun jeruk, gurih,cemilan bikin nagih",Rp9.999,aghniya,60+ terjual,Tangerang Selatan,4.8
455,boci baso aci sehot jawara pedas - kemasan merah,Rp10.000,cemilan Bandungstore,2rb+ terjual,Cimahi,4.9
456,"BASO ACI INSTANT , baso Aci tulang rangu / lunak , boci khas garut",Rp7.000,iwan resistans leather 2,10rb+ terjual,Kab. Garut,4.8
457,BASO ACI TETELAN SAPI/BOCITEL GEPREK SEHOT,Rp17.950,cemilan Bandungstore,100+ terjual,Cimahi,4.9
458,SEBLAKKU Pedas Gurih by Ny. Entin,Rp13.020,Ny Entin Foods,100+ terjual,Bandung,4.7
459,Baso Aci Instan Murah Asli Bandung (Reseller),Rp5.702,Berkah Food Bandung,10rb+ terjual,Cimahi,4.9
460,SIOMAY MINI KERING 1KG TOPPING BASO ACI SEBLAK CUANKI,Rp42.500,Chsnackmedan,7 terjual,Medan,5.0
461,BUNDLING 5 SEBLAK NYEMEX (Semua Varian Seblak Nyemex),Rp74.999,Seblak Nyemex,12 terjual,Bandung,5.0
462,Seblak instan / Seblak Kering / Seblak Homemade,Rp3.499,GEMAR GROSIR,,Kab. Madiun,
463,PAKET 1 BOCI EXTRA PEDAS + 1 TULANG RANGU + 1 SEBLAK BASRANGER INSTANT,Rp50.000,JM Snacks,30+ terjual,Bandung,4.9
464,BiBiZan Cemilan Vegetarian Steak / Vege Meat Bukan Seblak Bakso Cuanki,Rp2.000,Satria2r Store,90+ terjual,Batam,5.0
465,Seblak Instan Pedas Home Made,Rp3.500,the Dhecip,2rb+ terjual,Tangerang Selatan,4.8
466,Seblak Instan Ceu Nthien Khas Bandung Rasana Ngeunah Pisan,Rp15.000,Central Seblak Nusantara,2rb+ terjual,Tangerang Selatan,4.9
467,seblak instant sajodo snak,Rp19.000,hikmah berkah jaya,750+ terjual,Jakarta Barat,4.8
468,Gelifood Seblak Instan Kerupuk Mawar Bumbu Kencur Rafael Pedas Gurih,Rp13.000,Lidigeli,100+ terjual,Kab. Garut,4.9
469,seblak instan jeletot jajanan hits bandung 1 porsi,Rp4.180,tokomakanankalimantan,1rb+ terjual,Jakarta Barat,4.8
470,"seblak kering pedas 250 gr/seblak kencur/kerupuk seblak,enak dan gurih",Rp9.999,aghniya,250+ terjual,Tangerang Selatan,4.8
471,KERUPUK SEBLAK PEDAS / KRUPUK SEBLAK KERING DAUN JERUK PEDES,Rp25.000,LEGIT SNACK,24 terjual,Jakarta Barat,5.0
472,Kerupuk Seblak / Seblak / Kering Pedas /,Rp9.800,Anggris store,40+ terjual,Kab. Bogor,4.8
473,"siomay kering bandung 500 gr. untuk baso aci, seblak ,mie ayam dll",Rp14.999,aghniya,750+ terjual,Tangerang Selatan,4.9
474,"BATAGOR MINI KERING 100 PCS TOPING BASO ACI, SEBLAK DAN MIE INSTAN",Rp8.000,global cookware1,500+ terjual,Jakarta Barat,4.9
475,Seblak RAFAEL | Seblak MAMANG RAFAEL | Seblak Viral,Rp40.000,Naturally Plus Jakarta,100+ terjual,Kab. Tangerang,5.0
476,Kerupuk SEBLAK MAWAR Rafael - Cikruh Daun Jeruk,Rp20.000,KRIUK JAYA,26 terjual,Jakarta Barat,4.9
477,Krupuk seblak mawar rafael pedas 500gr,Rp20.000,Markas Makaroni,100+ terjual,Kab. Bekasi,4.9
478,Gelifood Seblak Instan Kerupuk Mawar Bumbu Kencur Rafael Pedas Gurih,Rp13.000,Lidigeli,100+ terjual,Kab. Garut,4.9
479,Krupuk seblak mawar rafael pedas 250gram,Rp12.500,Markas Makaroni,100+ terjual,Kab. Bekasi,4.7
480,Seblak Instan Pedas Home Made,Rp3.500,the Dhecip,2rb+ terjual,Tangerang Selatan,4.8
481,Seblak Instan Ceu Nthien Khas Bandung Rasana Ngeunah Pisan,Rp15.000,Central Seblak Nusantara,2rb+ terjual,Tangerang Selatan,4.9
482,seblak instant sajodo snak,Rp19.000,hikmah berkah jaya,750+ terjual,Jakarta Barat,4.8
483,Gelifood Seblak Instan Kerupuk Mawar Bumbu Kencur Rafael Pedas Gurih,Rp13.000,Lidigeli,100+ terjual,Kab. Garut,4.9
484,PROMO !!!! Seblak Instan Beli 20 free 1 Murah Enak,Rp4.550,ivy's-kitchen,500+ terjual,Kab. Tangerang,4.7
485,Gelifood Seblak Instan Kerupuk Mawar Bumbu Kencur Rafael Pedas Gurih,Rp13.000,Lidigeli,100+ terjual,Kab. Garut,4.9
486,Seblak Instan Pedas Home Made,Rp3.500,the Dhecip,2rb+ terjual,Tangerang Selatan,4.8
487,Seblak Instan Komplit Pedas Gurih Nikmat,Rp5.999,Baso Aci Ayang,2rb+ terjual,Kab. Garut,4.9
488,"seblak kering pedas 250 gr/seblak kencur/kerupuk seblak,enak dan gurih",Rp9.999,aghniya,250+ terjual,Tangerang Selatan,4.8
489,"seblak ceker 250 gr pedas daun jeruk, gurih,cemilan bikin nagih",Rp9.999,aghniya,60+ terjual,Tangerang Selatan,4.8
490,Kerupuk Pedas Sebring Seblak Keriting Extra Pedas Kencur isi 150 Gram - 150gr,Rp12.000,toko kue pundi mas,100+ terjual,Jakarta Pusat,4.8
491,seblak kerupuk bantet pedas-kerupuk bantet wana-seblak pedas-seblak,Rp15.000,Juhalim Store,16 terjual,Kab. Garut,5.0
492,Kerupuk seblak pedas daun jeruk 1kg,Rp35.000,HR_SNACK,,Kab.Ciamis,
493,Seblak Kering Gurih 65gram - Seblak 65gr,Rp10.965,Lidigeli,90+ terjual,Kab. Garut,4.9
494,Seblak Kerupuk,Rp12.000,agen produk organik jkt,,Jakarta Timur,
495,aneka kerupuk mix untuk bahan seblak 1 kg,Rp24.999,aghniya,100+ terjual,Tangerang Selatan,5.0
496,Seblak Instan Campur,Rp12.000,Lambe Nyeblak Store,30+ terjual,Jakarta Timur,5.0
497,Airafood Seblak Jadul Instant,Rp17.500,airafoodofficial,,Bandung,
498,Seblak Juara Instan Bandung 140 gram ( Rendang & Original ),Rp19.500,HARI-Harapan Indah,2 terjual,Makassar,
499,Seblak Instan RC Karawang | Seblak Instan Prasmanan Oleh-Oleh Karawang,Rp15.500,TOKO KAMI789,,Kab. Karawang,
500,Seblak Instan Pedas Home Made,Rp3.500,the Dhecip,2rb+ terjual,Tangerang Selatan,4.8
501,Seblak Instan Ceu Nthien Khas Bandung Rasana Ngeunah Pisan,Rp15.000,Central Seblak Nusantara,2rb+ terjual,Tangerang Selatan,4.9
502,seblak instant sajodo snak,Rp19.000,hikmah berkah jaya,750+ terjual,Jakarta Barat,4.8
503,Gelifood Seblak Instan Kerupuk Mawar Bumbu Kencur Rafael Pedas Gurih,Rp13.000,Lidigeli,100+ terjual,Kab. Garut,4.9
504,seblak instan jeletot jajanan hits bandung 1 porsi,Rp4.180,tokomakanankalimantan,1rb+ terjual,Jakarta Barat,4.8
505,"seblak kering pedas 250 gr/seblak kencur/kerupuk seblak,enak dan gurih",Rp9.999,aghniya,250+ terjual,Tangerang Selatan,4.8
506,KERUPUK SEBLAK PEDAS / KRUPUK SEBLAK KERING DAUN JERUK PEDES,Rp25.000,LEGIT SNACK,24 terjual,Jakarta Barat,5.0
507,Kerupuk Seblak / Seblak / Kering Pedas /,Rp9.800,Anggris store,40+ terjual,Kab. Bogor,4.8
508,"siomay kering bandung 500 gr. untuk baso aci, seblak ,mie ayam dll",Rp14.999,aghniya,750+ terjual,Tangerang Selatan,4.9
509,"BATAGOR MINI KERING 100 PCS TOPING BASO ACI, SEBLAK DAN MIE INSTAN",Rp8.000,global cookware1,500+ terjual,Jakarta Barat,4.9
510,Seblak RAFAEL | Seblak MAMANG RAFAEL | Seblak Viral,Rp40.000,Naturally Plus Jakarta,100+ terjual,Kab. Tangerang,5.0
511,Kerupuk SEBLAK MAWAR Rafael - Cikruh Daun Jeruk,Rp20.000,KRIUK JAYA,26 terjual,Jakarta Barat,4.9
512,Krupuk seblak mawar rafael pedas 500gr,Rp20.000,Markas Makaroni,100+ terjual,Kab. Bekasi,4.9
513,Gelifood Seblak Instan Kerupuk Mawar Bumbu Kencur Rafael Pedas Gurih,Rp13.000,Lidigeli,100+ terjual,Kab. Garut,4.9
514,Krupuk seblak mawar rafael pedas 250gram,Rp12.500,Markas Makaroni,100+ terjual,Kab. Bekasi,4.7
515,Seblak Instan Pedas Home Made,Rp3.500,the Dhecip,2rb+ terjual,Tangerang Selatan,4.8
516,Seblak Instan Ceu Nthien Khas Bandung Rasana Ngeunah Pisan,Rp15.000,Central Seblak Nusantara,2rb+ terjual,Tangerang Selatan,4.9
517,seblak instant sajodo snak,Rp19.000,hikmah berkah jaya,750+ terjual,Jakarta Barat,4.8
518,Gelifood Seblak Instan Kerupuk Mawar Bumbu Kencur Rafael Pedas Gurih,Rp13.000,Lidigeli,100+ terjual,Kab. Garut,4.9
519,PROMO !!!! Seblak Instan Beli 20 free 1 Murah Enak,Rp4.550,ivy's-kitchen,500+ terjual,Kab. Tangerang,4.7
520,Gelifood Seblak Instan Kerupuk Mawar Bumbu Kencur Rafael Pedas Gurih,Rp13.000,Lidigeli,100+ terjual,Kab. Garut,4.9
521,Seblak Instan Pedas Home Made,Rp3.500,the Dhecip,2rb+ terjual,Tangerang Selatan,4.8
522,Seblak Instan Komplit Pedas Gurih Nikmat,Rp5.999,Baso Aci Ayang,2rb+ terjual,Kab. Garut,4.9
523,"seblak kering pedas 250 gr/seblak kencur/kerupuk seblak,enak dan gurih",Rp9.999,aghniya,250+ terjual,Tangerang Selatan,4.8
524,"seblak ceker 250 gr pedas daun jeruk, gurih,cemilan bikin nagih",Rp9.999,aghniya,60+ terjual,Tangerang Selatan,4.8
525,Cancimen Batagor Kuah Instan Cemilan Cup Kekinian Khas Garut - LEVEL 7,Rp17.000,The Little Snacks,50+ terjual,Tangerang Selatan,4.7
526,Baso Aci Instan isi ayam suwir,Rp15.000,baso aci food by windi,,Kab. Bogor,
527,krupuk seblak mini pedas  250gram,Rp13.500,Vinsnack,1 terjual,Tangerang,5.0
528,Gelichips Seblak Kering Gurih isi 260gram - Combo Seblak Kering 4pcs - Basreng 4pcs,Rp49.000,Lidigeli,17 terjual,Kab. Garut,5.0
529,Seblak / Seblak Kering / Kerupuk Seblak Kering Pedas,Rp15.000,Bung Boe Snack,40+ terjual,Kab. Sumedang,5.0
530,kerupuk mix 100 gram campuran seblak,Rp2.999,ArfaOnlineShop,20 terjual,Tangerang,5.0
531,Seblak Kering Sebring Pedas Daun Jeruk Seblak Kacang Enak Gurih,Rp8.899,super.shoop,6 terjual,Bandung,5.0
532,"BUNDLING 2 (1 SEBLAK , 1 BASO ACI, 1 KEJU AROMA)",Rp98.000,Sajodo Snack & Food,3 terjual,Tasikmalaya,5.0
533,seblak kering,Rp13.500,kios sayur Teh Mirah,2 terjual,Jakarta Timur,5.0
534,"Siomay Kering Ukuran Besar 1 pcs - Toping Baso Aci, Seblak, Cuanki Dll",Rp370,Pusat Grosir Cuanki,40+ terjual,Kab. Bandung,5.0
535,Seblak Instan Pedas Home Made,Rp3.500,the Dhecip,2rb+ terjual,Tangerang Selatan,4.8
536,Seblak Instan Ceu Nthien Khas Bandung Rasana Ngeunah Pisan,Rp15.000,Central Seblak Nusantara,2rb+ terjual,Tangerang Selatan,4.9
537,seblak instant sajodo snak,Rp19.000,hikmah berkah jaya,750+ terjual,Jakarta Barat,4.8
538,Gelifood Seblak Instan Kerupuk Mawar Bumbu Kencur Rafael Pedas Gurih,Rp13.000,Lidigeli,100+ terjual,Kab. Garut,4.9
539,seblak instan jeletot jajanan hits bandung 1 porsi,Rp4.180,tokomakanankalimantan,1rb+ terjual,Jakarta Barat,4.8
540,"seblak kering pedas 250 gr/seblak kencur/kerupuk seblak,enak dan gurih",Rp9.999,aghniya,250+ terjual,Tangerang Selatan,4.8
541,KERUPUK SEBLAK PEDAS / KRUPUK SEBLAK KERING DAUN JERUK PEDES,Rp25.000,LEGIT SNACK,24 terjual,Jakarta Barat,5.0
542,Kerupuk Seblak / Seblak / Kering Pedas /,Rp9.800,Anggris store,40+ terjual,Kab. Bogor,4.8
543,"siomay kering bandung 500 gr. untuk baso aci, seblak ,mie ayam dll",Rp14.999,aghniya,750+ terjual,Tangerang Selatan,4.9
544,"BATAGOR MINI KERING 100 PCS TOPING BASO ACI, SEBLAK DAN MIE INSTAN",Rp8.000,global cookware1,500+ terjual,Jakarta Barat,4.9
545,Seblak RAFAEL | Seblak MAMANG RAFAEL | Seblak Viral,Rp40.000,Naturally Plus Jakarta,100+ terjual,Kab. Tangerang,5.0
546,Kerupuk SEBLAK MAWAR Rafael - Cikruh Daun Jeruk,Rp20.000,KRIUK JAYA,26 terjual,Jakarta Barat,4.9
547,Krupuk seblak mawar rafael pedas 500gr,Rp20.000,Markas Makaroni,100+ terjual,Kab. Bekasi,4.9
548,Gelifood Seblak Instan Kerupuk Mawar Bumbu Kencur Rafael Pedas Gurih,Rp13.000,Lidigeli,100+ terjual,Kab. Garut,4.9
549,Krupuk seblak mawar rafael pedas 250gram,Rp12.500,Markas Makaroni,100+ terjual,Kab. Bekasi,4.7
550,Seblak Instan Pedas Home Made,Rp3.500,the Dhecip,2rb+ terjual,Tangerang Selatan,4.8
551,Seblak Instan Ceu Nthien Khas Bandung Rasana Ngeunah Pisan,Rp15.000,Central Seblak Nusantara,2rb+ terjual,Tangerang Selatan,4.9
552,seblak instant sajodo snak,Rp19.000,hikmah berkah jaya,750+ terjual,Jakarta Barat,4.8
553,Gelifood Seblak Instan Kerupuk Mawar Bumbu Kencur Rafael Pedas Gurih,Rp13.000,Lidigeli,100+ terjual,Kab. Garut,4.9
554,PROMO !!!! Seblak Instan Beli 20 free 1 Murah Enak,Rp4.550,ivy's-kitchen,500+ terjual,Kab. Tangerang,4.7
555,Gelifood Seblak Instan Kerupuk Mawar Bumbu Kencur Rafael Pedas Gurih,Rp13.000,Lidigeli,100+ terjual,Kab. Garut,4.9
556,Seblak Instan Pedas Home Made,Rp3.500,the Dhecip,2rb+ terjual,Tangerang Selatan,4.8
557,Seblak Instan Komplit Pedas Gurih Nikmat,Rp5.999,Baso Aci Ayang,2rb+ terjual,Kab. Garut,4.9
558,"seblak kering pedas 250 gr/seblak kencur/kerupuk seblak,enak dan gurih",Rp9.999,aghniya,250+ terjual,Tangerang Selatan,4.8
559,"seblak ceker 250 gr pedas daun jeruk, gurih,cemilan bikin nagih",Rp9.999,aghniya,60+ terjual,Tangerang Selatan,4.8
560,Geli Food Seblak Ceker Tanpa Tulang Super Pedas 180gr,Rp22.500,Lidigeli,29 terjual,Kab. Garut,5.0
561,Kylafood Seblak Cup,Rp11.000,Kylafood Jakarta,100+ terjual,Jakarta Selatan,4.9
562,"Seblak Rafael, Seblak Coet Instan Halal",Rp25.000,Brother Meat Shop,40+ terjual,Depok,5.0
563,KERUPUK KRUPUK SEBLAK PEDAS 250 GR,Rp17.248,TOKO KUE MEISYA,100+ terjual,Jakarta Pusat,4.9
564,KRUPUK STIK RASA UDANG CAP PADI KAPAS KHAS INDRAMAYU BISA BUAT SEBLAK,Rp19.050,dariimyu,100+ terjual,Kab. Indramayu,5.0
565,"Basreng 100 gram Ori, Seblak, Pedas Manis, Super Pedas isi 100gr",Rp7.599,Grosir Besar Kalimantan,4 terjual,Banjarbaru,5.0
566,Batagor Seblak Cuanki Kuah Rebus Instan Ma Acih Cemilan Tradisional,Rp20.750,TOSERDA,90+ terjual,Bandung,4.8
567,Seblak Jeletot Level 5,Rp27.000,KulinerIndo,10 terjual,Yogyakarta,5.0
568,Tahu Keriting STANDAR isi 150 untuk Toping Baso Aci Seblak Indomie,Rp37.379,gaiagarut,100+ terjual,Kab. Garut,4.9
569,Snack Cemilan Seblak Siomay 250 gram,Rp15.000,Mokosnacksby,80+ terjual,Surabaya,4.9
570,Seblak Instan Pedas Home Made,Rp3.500,the Dhecip,2rb+ terjual,Tangerang Selatan,4.8
571,Seblak Instan Ceu Nthien Khas Bandung Rasana Ngeunah Pisan,Rp15.000,Central Seblak Nusantara,2rb+ terjual,Tangerang Selatan,4.9
572,seblak instant sajodo snak,Rp19.000,hikmah berkah jaya,750+ terjual,Jakarta Barat,4.8
573,Gelifood Seblak Instan Kerupuk Mawar Bumbu Kencur Rafael Pedas Gurih,Rp13.000,Lidigeli,100+ terjual,Kab. Garut,4.9
574,seblak instan jeletot jajanan hits bandung 1 porsi,Rp4.180,tokomakanankalimantan,1rb+ terjual,Jakarta Barat,4.8
575,"seblak kering pedas 250 gr/seblak kencur/kerupuk seblak,enak dan gurih",Rp9.999,aghniya,250+ terjual,Tangerang Selatan,4.8
576,KERUPUK SEBLAK PEDAS / KRUPUK SEBLAK KERING DAUN JERUK PEDES,Rp25.000,LEGIT SNACK,24 terjual,Jakarta Barat,5.0
577,Kerupuk Seblak / Seblak / Kering Pedas /,Rp9.800,Anggris store,40+ terjual,Kab. Bogor,4.8
578,"siomay kering bandung 500 gr. untuk baso aci, seblak ,mie ayam dll",Rp14.999,aghniya,750+ terjual,Tangerang Selatan,4.9
579,"BATAGOR MINI KERING 100 PCS TOPING BASO ACI, SEBLAK DAN MIE INSTAN",Rp8.000,global cookware1,500+ terjual,Jakarta Barat,4.9
580,Seblak RAFAEL | Seblak MAMANG RAFAEL | Seblak Viral,Rp40.000,Naturally Plus Jakarta,100+ terjual,Kab. Tangerang,5.0
581,Kerupuk SEBLAK MAWAR Rafael - Cikruh Daun Jeruk,Rp20.000,KRIUK JAYA,26 terjual,Jakarta Barat,4.9
582,Krupuk seblak mawar rafael pedas 500gr,Rp20.000,Markas Makaroni,100+ terjual,Kab. Bekasi,4.9
583,Gelifood Seblak Instan Kerupuk Mawar Bumbu Kencur Rafael Pedas Gurih,Rp13.000,Lidigeli,100+ terjual,Kab. Garut,4.9
584,Krupuk seblak mawar rafael pedas 250gram,Rp12.500,Markas Makaroni,100+ terjual,Kab. Bekasi,4.7
585,Seblak Instan Pedas Home Made,Rp3.500,the Dhecip,2rb+ terjual,Tangerang Selatan,4.8
586,Seblak Instan Ceu Nthien Khas Bandung Rasana Ngeunah Pisan,Rp15.000,Central Seblak Nusantara,2rb+ terjual,Tangerang Selatan,4.9
587,seblak instant sajodo snak,Rp19.000,hikmah berkah jaya,750+ terjual,Jakarta Barat,4.8
588,Gelifood Seblak Instan Kerupuk Mawar Bumbu Kencur Rafael Pedas Gurih,Rp13.000,Lidigeli,100+ terjual,Kab. Garut,4.9
589,PROMO !!!! Seblak Instan Beli 20 free 1 Murah Enak,Rp4.550,ivy's-kitchen,500+ terjual,Kab. Tangerang,4.7
590,Gelifood Seblak Instan Kerupuk Mawar Bumbu Kencur Rafael Pedas Gurih,Rp13.000,Lidigeli,100+ terjual,Kab. Garut,4.9
591,Seblak Instan Pedas Home Made,Rp3.500,the Dhecip,2rb+ terjual,Tangerang Selatan,4.8
592,Seblak Instan Komplit Pedas Gurih Nikmat,Rp5.999,Baso Aci Ayang,2rb+ terjual,Kab. Garut,4.9
593,"seblak kering pedas 250 gr/seblak kencur/kerupuk seblak,enak dan gurih",Rp9.999,aghniya,250+ terjual,Tangerang Selatan,4.8
594,"seblak ceker 250 gr pedas daun jeruk, gurih,cemilan bikin nagih",Rp9.999,aghniya,60+ terjual,Tangerang Selatan,4.8
595,Kerupuk seblak pedas 500 Grm / kerupuk seblak pedas kencur,Rp22.500,adistri snack,,Kab.Ciamis,
596,kerupuk seblak 1kg - 1 kg,Rp42.000,zyvasnack,1 terjual,Kab. Purworejo,
597,Seblak Merah Pedas / Kerupuk Bawang Oleh Oleh Bandung Odjolali,Rp9.000,The Little Snacks,500+ terjual,Tangerang Selatan,4.9
598,kerupuk seblak pedas 1/2 kg / kerupuk seblak ½ - Pedas,Rp20.482,Adila_Putri_Snack,100+ terjual,Kab.Ciamis,4.8
599,seblak kencur / okesnack,Rp10.000,oke snack,750+ terjual,Jakarta Selatan,4.9
600,SEBLAK GEPREK,Rp14.500,JAJANAN AJIB,30+ terjual,Kab. Garut,5.0
601,SEBLAK INSTAN | BASO ACI | CUANKIE KUAH INSTAN,Rp4.999,Kairashop_id,5 terjual,Surabaya,
602,SEBLAK MANGADE DAUN JERUK BOX BESAR,Rp10.000,macaronimangade,100+ terjual,Malang,4.9
603,tahu KERITING STANDAR 75pcs untuk Toping Baso Aci Seblak Indomie,Rp20.999,gaiagarut,60+ terjual,Kab. Garut,4.8
604,Soun Seblak Geprek Samiraos,Rp17.999,Boci (Baso Aci) Kedamaian BDL,,Bandar Lampung,
605,Seblak Instan Pedas Home Made,Rp3.500,the Dhecip,2rb+ terjual,Tangerang Selatan,4.8
606,Seblak Instan Ceu Nthien Khas Bandung Rasana Ngeunah Pisan,Rp15.000,Central Seblak Nusantara,2rb+ terjual,Tangerang Selatan,4.9
607,seblak instant sajodo snak,Rp19.000,hikmah berkah jaya,750+ terjual,Jakarta Barat,4.8
608,Gelifood Seblak Instan Kerupuk Mawar Bumbu Kencur Rafael Pedas Gurih,Rp13.000,Lidigeli,100+ terjual,Kab. Garut,4.9
609,seblak instan jeletot jajanan hits bandung 1 porsi,Rp4.180,tokomakanankalimantan,1rb+ terjual,Jakarta Barat,4.8
610,"seblak kering pedas 250 gr/seblak kencur/kerupuk seblak,enak dan gurih",Rp9.999,aghniya,250+ terjual,Tangerang Selatan,4.8
611,KERUPUK SEBLAK PEDAS / KRUPUK SEBLAK KERING DAUN JERUK PEDES,Rp25.000,LEGIT SNACK,24 terjual,Jakarta Barat,5.0
612,Kerupuk Seblak / Seblak / Kering Pedas /,Rp9.800,Anggris store,40+ terjual,Kab. Bogor,4.8
613,"siomay kering bandung 500 gr. untuk baso aci, seblak ,mie ayam dll",Rp14.999,aghniya,750+ terjual,Tangerang Selatan,4.9
614,"BATAGOR MINI KERING 100 PCS TOPING BASO ACI, SEBLAK DAN MIE INSTAN",Rp8.000,global cookware1,500+ terjual,Jakarta Barat,4.9
615,Seblak RAFAEL | Seblak MAMANG RAFAEL | Seblak Viral,Rp40.000,Naturally Plus Jakarta,100+ terjual,Kab. Tangerang,5.0
616,Kerupuk SEBLAK MAWAR Rafael - Cikruh Daun Jeruk,Rp20.000,KRIUK JAYA,26 terjual,Jakarta Barat,4.9
617,Krupuk seblak mawar rafael pedas 500gr,Rp20.000,Markas Makaroni,100+ terjual,Kab. Bekasi,4.9
618,Gelifood Seblak Instan Kerupuk Mawar Bumbu Kencur Rafael Pedas Gurih,Rp13.000,Lidigeli,100+ terjual,Kab. Garut,4.9
619,Krupuk seblak mawar rafael pedas 250gram,Rp12.500,Markas Makaroni,100+ terjual,Kab. Bekasi,4.7
620,Seblak Instan Pedas Home Made,Rp3.500,the Dhecip,2rb+ terjual,Tangerang Selatan,4.8
621,Seblak Instan Ceu Nthien Khas Bandung Rasana Ngeunah Pisan,Rp15.000,Central Seblak Nusantara,2rb+ terjual,Tangerang Selatan,4.9
622,seblak instant sajodo snak,Rp19.000,hikmah berkah jaya,750+ terjual,Jakarta Barat,4.8
623,Gelifood Seblak Instan Kerupuk Mawar Bumbu Kencur Rafael Pedas Gurih,Rp13.000,Lidigeli,100+ terjual,Kab. Garut,4.9
624,PROMO !!!! Seblak Instan Beli 20 free 1 Murah Enak,Rp4.550,ivy's-kitchen,500+ terjual,Kab. Tangerang,4.7
625,Gelifood Seblak Instan Kerupuk Mawar Bumbu Kencur Rafael Pedas Gurih,Rp13.000,Lidigeli,100+ terjual,Kab. Garut,4.9
626,Seblak Instan Pedas Home Made,Rp3.500,the Dhecip,2rb+ terjual,Tangerang Selatan,4.8
627,Seblak Instan Komplit Pedas Gurih Nikmat,Rp5.999,Baso Aci Ayang,2rb+ terjual,Kab. Garut,4.9
628,"seblak kering pedas 250 gr/seblak kencur/kerupuk seblak,enak dan gurih",Rp9.999,aghniya,250+ terjual,Tangerang Selatan,4.8
629,"seblak ceker 250 gr pedas daun jeruk, gurih,cemilan bikin nagih",Rp9.999,aghniya,60+ terjual,Tangerang Selatan,4.8
630,SIOMAY KERING MINI 1Kg BASO ACI SEBLAK BANDUNG ISIAN BASO ACI,Rp30.000,Uai Food,80+ terjual,Surabaya,4.9
631,siomay mini kering 1kg / gurilem toping seblak baso aci cuanki,Rp25.000,CuankiCulametan,100+ terjual,Kab. Garut,4.9
632,Bakso Aci Instan Murah Asli Bandung Frozen Baso Cilok Kuah Kenyang,Rp5.702,Berkah Food Bandung,10rb+ terjual,Cimahi,4.9
633,Cuanki Pangsit kering Segitiga Cipet isi 100 toping seblak baso aci,Rp31.000,CuankiCulametan,40+ terjual,Kab. Garut,4.6
634,"Seblak Instant ""mBak'Well""",Rp15.000,Welly Mart,100+ terjual,Tangerang Selatan,5.0
635,cireng kuah seblak pedas,Rp13.000,CemilanJoss,,Bekasi,
636,basreng pedas daun jeruk 5000 seblak bareng khas Bandung stik basreng,Rp3.000,Tiga putri77,100+ terjual,Kab. Bandung,4.9
637,(MURAH!!) Seblak Pedas Rasa Pedas Daun Jeruk,Rp11.999,Gracia Malang,16 terjual,Malang,5.0
638,Seblak Instan Kopma BS UPI,Rp15.000,Kopma Bs UPI,60+ terjual,Bandung,5.0
639,SOUN SEBLAK GEPREK SAMI ROAS - SOUN GEPREK - SOUN MIE,Rp16.900,sinergi snack,1 terjual,Depok,5.0
640,Seblak Instan Pedas Home Made,Rp3.500,the Dhecip,2rb+ terjual,Tangerang Selatan,4.8
641,Seblak Instan Ceu Nthien Khas Bandung Rasana Ngeunah Pisan,Rp15.000,Central Seblak Nusantara,2rb+ terjual,Tangerang Selatan,4.9
642,seblak instant sajodo snak,Rp19.000,hikmah berkah jaya,750+ terjual,Jakarta Barat,4.8
643,Gelifood Seblak Instan Kerupuk Mawar Bumbu Kencur Rafael Pedas Gurih,Rp13.000,Lidigeli,100+ terjual,Kab. Garut,4.9
644,seblak instan jeletot jajanan hits bandung 1 porsi,Rp4.180,tokomakanankalimantan,1rb+ terjual,Jakarta Barat,4.8
645,"seblak kering pedas 250 gr/seblak kencur/kerupuk seblak,enak dan gurih",Rp9.999,aghniya,250+ terjual,Tangerang Selatan,4.8
646,KERUPUK SEBLAK PEDAS / KRUPUK SEBLAK KERING DAUN JERUK PEDES,Rp25.000,LEGIT SNACK,24 terjual,Jakarta Barat,5.0
647,Kerupuk Seblak / Seblak / Kering Pedas /,Rp9.800,Anggris store,40+ terjual,Kab. Bogor,4.8
648,"siomay kering bandung 500 gr. untuk baso aci, seblak ,mie ayam dll",Rp14.999,aghniya,750+ terjual,Tangerang Selatan,4.9
649,"BATAGOR MINI KERING 100 PCS TOPING BASO ACI, SEBLAK DAN MIE INSTAN",Rp8.000,global cookware1,500+ terjual,Jakarta Barat,4.9
650,Seblak RAFAEL | Seblak MAMANG RAFAEL | Seblak Viral,Rp40.000,Naturally Plus Jakarta,100+ terjual,Kab. Tangerang,5.0
651,Kerupuk SEBLAK MAWAR Rafael - Cikruh Daun Jeruk,Rp20.000,KRIUK JAYA,26 terjual,Jakarta Barat,4.9
652,Krupuk seblak mawar rafael pedas 500gr,Rp20.000,Markas Makaroni,100+ terjual,Kab. Bekasi,4.9
653,Gelifood Seblak Instan Kerupuk Mawar Bumbu Kencur Rafael Pedas Gurih,Rp13.000,Lidigeli,100+ terjual,Kab. Garut,4.9
654,Krupuk seblak mawar rafael pedas 250gram,Rp12.500,Markas Makaroni,100+ terjual,Kab. Bekasi,4.7
655,Seblak Instan Pedas Home Made,Rp3.500,the Dhecip,2rb+ terjual,Tangerang Selatan,4.8
656,Seblak Instan Ceu Nthien Khas Bandung Rasana Ngeunah Pisan,Rp15.000,Central Seblak Nusantara,2rb+ terjual,Tangerang Selatan,4.9
657,seblak instant sajodo snak,Rp19.000,hikmah berkah jaya,750+ terjual,Jakarta Barat,4.8
658,Gelifood Seblak Instan Kerupuk Mawar Bumbu Kencur Rafael Pedas Gurih,Rp13.000,Lidigeli,100+ terjual,Kab. Garut,4.9
659,PROMO !!!! Seblak Instan Beli 20 free 1 Murah Enak,Rp4.550,ivy's-kitchen,500+ terjual,Kab. Tangerang,4.7
660,Gelifood Seblak Instan Kerupuk Mawar Bumbu Kencur Rafael Pedas Gurih,Rp13.000,Lidigeli,100+ terjual,Kab. Garut,4.9
661,Seblak Instan Pedas Home Made,Rp3.500,the Dhecip,2rb+ terjual,Tangerang Selatan,4.8
662,Seblak Instan Komplit Pedas Gurih Nikmat,Rp5.999,Baso Aci Ayang,2rb+ terjual,Kab. Garut,4.9
663,"seblak kering pedas 250 gr/seblak kencur/kerupuk seblak,enak dan gurih",Rp9.999,aghniya,250+ terjual,Tangerang Selatan,4.8
664,"seblak ceker 250 gr pedas daun jeruk, gurih,cemilan bikin nagih",Rp9.999,aghniya,60+ terjual,Tangerang Selatan,4.8
665,KERUPUK MENTAH BULAT PUTIH KERUPUK IKAN KERUPUK SEBLAK 1 KG - 250 GRAM,Rp9.000,Rempah Bu Risma,30+ terjual,Kab. Bekasi,5.0
666,Kerupuk seblak pedas 500 Grm / kerupuk seblak pedas kencur,Rp22.500,adistri snack,,Kab.Ciamis,
667,Seblak Merah Pedas / Kerupuk Bawang Oleh Oleh Bandung Odjolali,Rp9.000,The Little Snacks,500+ terjual,Tangerang Selatan,4.9
668,kerupuk seblak pedas 1/2 kg / kerupuk seblak ½ - Pedas,Rp20.482,Adila_Putri_Snack,100+ terjual,Kab.Ciamis,4.8
669,seblak kencur / okesnack,Rp10.000,oke snack,750+ terjual,Jakarta Selatan,4.9
670,Seblak Sozis Instan Jajanan Hits Bandung 1Porsi Mantap,Rp8.181,BAYSILVER,,Kab. Gresik,
671,PAKET JUMBO KOMPLIT SEBLAK BASO ACI MIE,Rp8.900,Yamyam snacks,30+ terjual,Jakarta Pusat,4.3
672,Seblak Kering Pedas Boboko Snack Lvl 20,Rp20.000,Boboko Snack Oficial,50+ terjual,Kab. Bandung Barat,5.0
673,Kerupuk seblak 1kg pedas daun jeruk murah sebring kerupuk seblak pedas,Rp41.999,Mama anne9,1 terjual,Surabaya,5.0
674,Keripik SEBLAK BANTAT CIKRUH 1 PACK ISI 12 PCS,Rp11.000,RAJA SNACK FOOD,2 terjual,Jakarta Utara,
675,Seblak Instan Pedas Home Made,Rp3.500,the Dhecip,2rb+ terjual,Tangerang Selatan,4.8
676,Seblak Instan Ceu Nthien Khas Bandung Rasana Ngeunah Pisan,Rp15.000,Central Seblak Nusantara,2rb+ terjual,Tangerang Selatan,4.9
677,seblak instant sajodo snak,Rp19.000,hikmah berkah jaya,750+ terjual,Jakarta Barat,4.8
678,Gelifood Seblak Instan Kerupuk Mawar Bumbu Kencur Rafael Pedas Gurih,Rp13.000,Lidigeli,100+ terjual,Kab. Garut,4.9
679,seblak instan jeletot jajanan hits bandung 1 porsi,Rp4.180,tokomakanankalimantan,1rb+ terjual,Jakarta Barat,4.8
680,"seblak kering pedas 250 gr/seblak kencur/kerupuk seblak,enak dan gurih",Rp9.999,aghniya,250+ terjual,Tangerang Selatan,4.8
681,KERUPUK SEBLAK PEDAS / KRUPUK SEBLAK KERING DAUN JERUK PEDES,Rp25.000,LEGIT SNACK,24 terjual,Jakarta Barat,5.0
682,Kerupuk Seblak / Seblak / Kering Pedas /,Rp9.800,Anggris store,40+ terjual,Kab. Bogor,4.8
683,"siomay kering bandung 500 gr. untuk baso aci, seblak ,mie ayam dll",Rp14.999,aghniya,750+ terjual,Tangerang Selatan,4.9
684,"BATAGOR MINI KERING 100 PCS TOPING BASO ACI, SEBLAK DAN MIE INSTAN",Rp8.000,global cookware1,500+ terjual,Jakarta Barat,4.9
685,Seblak RAFAEL | Seblak MAMANG RAFAEL | Seblak Viral,Rp40.000,Naturally Plus Jakarta,100+ terjual,Kab. Tangerang,5.0
686,Kerupuk SEBLAK MAWAR Rafael - Cikruh Daun Jeruk,Rp20.000,KRIUK JAYA,26 terjual,Jakarta Barat,4.9
687,Krupuk seblak mawar rafael pedas 500gr,Rp20.000,Markas Makaroni,100+ terjual,Kab. Bekasi,4.9
688,Gelifood Seblak Instan Kerupuk Mawar Bumbu Kencur Rafael Pedas Gurih,Rp13.000,Lidigeli,100+ terjual,Kab. Garut,4.9
689,Krupuk seblak mawar rafael pedas 250gram,Rp12.500,Markas Makaroni,100+ terjual,Kab. Bekasi,4.7
690,Seblak Instan Pedas Home Made,Rp3.500,the Dhecip,2rb+ terjual,Tangerang Selatan,4.8
691,Seblak Instan Ceu Nthien Khas Bandung Rasana Ngeunah Pisan,Rp15.000,Central Seblak Nusantara,2rb+ terjual,Tangerang Selatan,4.9
692,seblak instant sajodo snak,Rp19.000,hikmah berkah jaya,750+ terjual,Jakarta Barat,4.8
693,Gelifood Seblak Instan Kerupuk Mawar Bumbu Kencur Rafael Pedas Gurih,Rp13.000,Lidigeli,100+ terjual,Kab. Garut,4.9
694,PROMO !!!! Seblak Instan Beli 20 free 1 Murah Enak,Rp4.550,ivy's-kitchen,500+ terjual,Kab. Tangerang,4.7
695,Gelifood Seblak Instan Kerupuk Mawar Bumbu Kencur Rafael Pedas Gurih,Rp13.000,Lidigeli,100+ terjual,Kab. Garut,4.9
696,Seblak Instan Pedas Home Made,Rp3.500,the Dhecip,2rb+ terjual,Tangerang Selatan,4.8
697,Seblak Instan Komplit Pedas Gurih Nikmat,Rp5.999,Baso Aci Ayang,2rb+ terjual,Kab. Garut,4.9
698,"seblak kering pedas 250 gr/seblak kencur/kerupuk seblak,enak dan gurih",Rp9.999,aghniya,250+ terjual,Tangerang Selatan,4.8
699,"seblak ceker 250 gr pedas daun jeruk, gurih,cemilan bikin nagih",Rp9.999,aghniya,60+ terjual,Tangerang Selatan,4.8
